,Logreg,RandomForest,gdbt,nn
0,2,2,2,1
1,1,1,2,1
2,5,5,5,5
3,1,1,2,2
4,5,5,5,5
5,4,4,4,4
6,5,5,5,5
7,5,5,5,5
8,1,1,1,1
9,5,5,5,5
10,8,8,8,8
11,8,8,8,8
12,1,1,2,2
13,1,1,2,1
14,1,1,3,1
15,1,2,6,2
16,1,1,1,1
17,8,8,8,8
18,1,1,1,1
19,3,3,3,3
20,1,1,6,0
21,1,1,1,1
22,8,8,8,8
23,6,7,7,6
24,5,5,5,5
25,0,0,0,0
26,2,2,2,2
27,5,5,5,5
28,4,4,4,4
29,1,1,1,1
30,5,6,6,6
31,2,2,2,2
32,0,0,0,0
33,2,1,2,2
34,7,7,7,7
35,2,2,2,2
36,1,1,1,1
37,6,7,7,7
38,1,1,1,1
39,1,2,2,2
40,5,5,5,5
41,8,8,8,8
42,8,8,8,8
43,5,5,5,5
44,1,6,0,5
45,8,0,8,8
46,1,1,1,1
47,8,8,8,8
48,8,8,8,8
49,1,1,1,1
50,5,5,5,5
51,2,2,2,2
52,5,5,5,5
53,5,5,5,5
54,5,5,5,5
55,8,8,8,8
56,1,6,6,7
57,7,7,7,7
58,7,5,7,7
59,5,5,5,5
60,7,7,7,7
61,1,1,1,1
62,1,1,1,1
63,1,1,1,1
64,1,1,1,1
65,1,1,1,1
66,8,0,0,0
67,8,8,8,0
68,5,5,5,5
69,5,5,5,5
70,1,6,6,6
71,6,6,6,6
72,5,5,5,5
73,7,7,7,7
74,1,1,1,1
75,7,7,7,7
76,6,5,6,2
77,7,7,7,7
78,8,7,8,7
79,5,5,5,5
80,2,2,2,1
81,5,5,5,5
82,5,5,5,5
83,3,3,3,3
84,1,1,1,1
85,1,1,1,1
86,5,5,5,5
87,6,6,6,6
88,8,8,0,8
89,5,5,5,5
90,1,1,1,1
91,1,1,1,1
92,6,5,5,5
93,1,1,1,1
94,7,7,7,7
95,5,5,5,5
96,7,7,7,7
97,8,8,8,8
98,1,1,2,1
99,1,1,1,1
100,5,5,5,5
101,1,1,1,1
102,5,5,5,5
103,5,5,5,5
104,5,5,5,5
105,2,2,2,2
106,1,2,2,1
107,8,7,8,8
108,4,4,4,4
109,1,1,1,1
110,2,1,1,1
111,7,7,7,7
112,6,6,5,6
113,7,7,7,7
114,7,7,7,7
115,1,1,1,1
116,5,5,5,5
117,1,1,1,1
118,7,0,0,7
119,1,1,2,6
120,2,2,2,2
121,5,5,5,5
122,1,1,1,1
123,5,5,5,5
124,7,7,7,7
125,7,7,7,7
126,1,1,1,1
127,7,7,0,0
128,6,2,2,2
129,8,8,8,8
130,1,1,2,1
131,5,5,5,5
132,7,7,7,7
133,1,1,1,1
134,5,5,7,5
135,3,3,3,3
136,2,1,1,1
137,6,2,6,6
138,5,5,5,5
139,7,7,7,7
140,7,7,7,7
141,1,2,2,1
142,5,5,5,5
143,7,7,7,7
144,8,8,8,8
145,8,8,8,8
146,8,8,8,8
147,5,5,5,5
148,5,5,5,5
149,2,1,2,1
150,8,8,8,8
151,5,5,5,5
152,5,5,5,5
153,8,8,8,8
154,7,7,7,7
155,5,5,5,5
156,1,1,1,1
157,7,7,7,7
158,1,2,2,2
159,5,5,5,5
160,6,1,2,6
161,8,8,8,7
162,5,5,5,5
163,5,5,5,5
164,1,1,1,1
165,1,1,1,1
166,1,1,1,2
167,6,5,6,5
168,1,1,1,1
169,1,1,1,1
170,1,1,1,1
171,1,1,1,1
172,5,5,5,5
173,4,4,4,4
174,8,7,7,7
175,1,1,1,1
176,1,1,1,1
177,1,1,2,2
178,5,5,5,5
179,1,2,3,1
180,1,2,2,2
181,5,5,5,5
182,7,7,7,7
183,8,8,8,8
184,4,4,4,4
185,1,1,1,1
186,6,1,6,6
187,1,3,3,3
188,7,7,7,7
189,1,2,2,2
190,5,7,7,7
191,7,7,7,7
192,1,1,1,1
193,1,1,1,1
194,7,7,7,7
195,1,2,2,1
196,7,7,7,7
197,1,1,1,1
198,1,1,1,1
199,1,7,7,7
200,1,1,1,1
201,4,4,4,4
202,5,5,6,5
203,1,1,1,1
204,1,1,1,1
205,5,5,5,5
206,1,1,1,1
207,8,8,8,8
208,1,1,1,1
209,1,1,1,1
210,1,2,2,2
211,8,8,8,8
212,4,4,4,4
213,5,5,5,5
214,1,2,2,1
215,8,8,8,8
216,7,7,7,7
217,1,1,1,1
218,1,2,2,2
219,1,1,1,1
220,3,3,3,3
221,5,5,5,5
222,8,5,5,8
223,1,1,1,1
224,7,7,7,7
225,1,1,1,1
226,1,1,1,1
227,1,1,1,2
228,8,8,8,8
229,1,1,1,1
230,4,4,4,4
231,2,2,2,2
232,8,8,8,8
233,1,1,1,1
234,1,1,1,2
235,1,3,3,3
236,1,1,1,1
237,5,5,5,5
238,1,2,2,1
239,1,1,1,1
240,5,5,5,5
241,1,1,1,1
242,5,5,5,5
243,1,1,1,1
244,7,7,7,7
245,5,5,5,5
246,5,5,5,5
247,5,5,5,5
248,8,8,8,8
249,5,5,5,5
250,5,5,5,5
251,5,5,5,5
252,2,2,2,2
253,5,5,5,5
254,1,1,1,1
255,1,1,1,1
256,8,8,8,8
257,7,7,7,7
258,1,1,1,1
259,7,7,7,7
260,1,1,1,1
261,1,2,2,2
262,1,1,1,1
263,7,7,7,7
264,5,5,5,5
265,1,1,1,1
266,5,5,5,5
267,5,5,5,5
268,5,5,5,5
269,0,0,0,0
270,7,7,7,7
271,6,7,6,7
272,7,7,7,7
273,7,7,7,7
274,1,1,2,1
275,1,1,1,2
276,2,2,3,3
277,1,1,1,1
278,1,2,1,1
279,4,4,4,4
280,1,2,2,1
281,1,2,2,1
282,6,6,6,6
283,7,7,7,7
284,0,0,0,0
285,7,7,7,7
286,1,2,2,2
287,1,1,1,1
288,1,1,1,1
289,5,5,5,5
290,7,7,7,7
291,8,0,8,0
292,5,5,5,5
293,1,3,6,6
294,1,1,1,1
295,5,5,5,5
296,7,7,7,7
297,1,1,1,1
298,1,1,1,1
299,1,1,1,1
300,1,2,2,2
301,8,8,8,8
302,1,2,2,1
303,1,1,1,1
304,1,1,1,1
305,5,5,5,5
306,1,2,2,2
307,7,7,7,7
308,5,5,5,5
309,1,1,4,4
310,6,6,6,6
311,1,1,1,1
312,4,4,4,4
313,8,8,8,8
314,1,1,1,1
315,1,2,1,2
316,1,1,1,1
317,8,8,8,8
318,5,5,5,5
319,1,1,1,1
320,5,5,5,5
321,8,8,8,8
322,7,7,7,7
323,1,1,1,1
324,8,8,8,8
325,1,1,1,1
326,7,7,7,7
327,1,1,1,1
328,5,5,5,5
329,2,1,1,2
330,1,1,1,1
331,1,2,1,2
332,5,5,5,5
333,4,4,4,4
334,5,5,5,5
335,5,5,5,5
336,5,5,5,5
337,8,6,6,6
338,6,6,6,6
339,8,8,8,8
340,8,8,8,8
341,8,7,7,7
342,1,1,1,1
343,5,5,5,5
344,1,1,1,1
345,1,1,1,1
346,1,1,1,1
347,5,5,5,5
348,1,1,1,2
349,4,4,4,4
350,4,4,4,4
351,5,5,5,5
352,7,7,7,7
353,1,1,2,1
354,5,5,5,5
355,5,1,6,5
356,1,3,3,1
357,5,5,5,5
358,2,2,2,2
359,7,7,7,7
360,5,5,5,5
361,4,4,4,4
362,1,1,1,1
363,5,5,5,5
364,0,0,0,0
365,1,1,1,1
366,1,1,1,1
367,1,1,1,1
368,1,1,2,1
369,2,2,6,2
370,4,4,4,4
371,5,5,5,5
372,6,6,6,6
373,7,7,7,7
374,1,1,1,1
375,7,7,7,7
376,8,8,8,8
377,1,4,4,4
378,1,1,1,1
379,1,1,1,1
380,8,8,8,8
381,7,7,7,7
382,7,7,7,7
383,1,1,1,1
384,5,5,5,5
385,8,8,8,8
386,4,4,4,4
387,5,5,5,5
388,7,7,7,7
389,1,1,1,1
390,1,1,1,1
391,2,1,1,2
392,1,1,1,1
393,5,5,5,5
394,5,5,5,5
395,1,1,3,1
396,1,1,6,1
397,7,7,7,7
398,0,0,0,7
399,1,1,1,1
400,1,1,1,1
401,8,5,5,8
402,7,7,7,7
403,7,7,7,7
404,5,5,1,3
405,8,8,8,8
406,8,8,8,8
407,8,8,8,8
408,8,8,8,8
409,4,4,4,4
410,7,7,7,7
411,1,1,1,1
412,1,2,2,1
413,5,5,5,5
414,1,1,2,1
415,7,7,7,7
416,8,8,8,8
417,1,1,1,1
418,1,3,3,3
419,1,1,1,1
420,1,1,1,1
421,1,2,2,2
422,7,0,0,0
423,6,6,6,6
424,4,4,4,4
425,4,4,4,4
426,7,7,7,7
427,1,1,1,1
428,5,5,5,5
429,8,8,8,8
430,1,1,1,1
431,2,2,2,2
432,5,5,5,5
433,7,7,7,7
434,1,1,1,1
435,2,1,2,2
436,5,5,5,5
437,5,5,5,5
438,1,1,1,1
439,1,1,1,1
440,5,5,5,5
441,5,5,5,5
442,1,1,1,1
443,1,1,1,1
444,2,2,2,2
445,5,5,5,5
446,1,1,1,2
447,1,1,1,1
448,1,2,1,1
449,4,4,4,4
450,1,1,1,1
451,0,0,0,0
452,1,1,1,2
453,7,7,7,7
454,1,2,2,1
455,2,2,2,2
456,5,5,5,5
457,2,3,3,2
458,1,1,1,1
459,7,0,0,0
460,5,5,8,5
461,1,2,1,1
462,7,7,7,7
463,1,1,1,1
464,7,7,7,7
465,6,2,2,6
466,1,2,1,1
467,6,6,6,6
468,2,2,2,2
469,8,8,8,8
470,5,5,5,5
471,7,7,7,7
472,1,1,1,1
473,7,7,7,7
474,5,5,5,5
475,1,2,2,2
476,2,1,1,1
477,1,1,1,1
478,1,2,2,2
479,1,1,1,1
480,1,1,2,2
481,4,4,4,4
482,4,4,4,4
483,8,8,8,8
484,1,1,1,1
485,5,5,5,5
486,7,7,7,7
487,7,7,7,7
488,7,7,7,7
489,1,1,1,1
490,1,3,1,3
491,7,7,7,7
492,1,1,1,1
493,1,1,1,1
494,0,6,0,0
495,7,7,7,7
496,1,1,1,1
497,7,7,7,7
498,1,8,8,8
499,1,2,1,1
500,1,1,1,1
501,1,1,1,1
502,8,8,8,8
503,8,8,8,5
504,1,1,2,2
505,2,2,2,2
506,0,7,7,0
507,7,7,7,7
508,4,4,4,4
509,5,5,5,5
510,1,1,1,1
511,1,2,2,1
512,2,1,1,1
513,1,6,0,7
514,1,1,1,1
515,5,5,5,5
516,8,8,8,8
517,8,8,8,8
518,7,7,7,7
519,5,5,5,5
520,1,1,1,1
521,5,5,5,5
522,1,1,1,1
523,5,5,5,5
524,1,1,1,1
525,5,5,5,5
526,7,7,7,7
527,7,7,7,7
528,5,5,5,5
529,1,1,1,1
530,1,2,1,1
531,1,1,1,1
532,1,1,2,2
533,4,4,4,4
534,1,1,1,1
535,1,2,2,1
536,5,5,5,5
537,5,0,0,0
538,1,1,1,3
539,8,8,8,8
540,1,1,1,1
541,8,8,8,8
542,1,1,1,1
543,5,5,5,5
544,7,7,7,7
545,5,5,5,5
546,5,5,5,5
547,2,2,2,2
548,1,1,2,1
549,4,4,4,4
550,1,1,1,1
551,5,5,5,5
552,8,8,5,8
553,2,1,1,2
554,7,1,8,7
555,5,5,5,5
556,7,7,7,7
557,1,1,2,2
558,5,5,5,5
559,5,5,5,5
560,2,1,1,1
561,8,8,8,8
562,5,5,5,5
563,5,5,5,5
564,1,1,1,1
565,1,1,1,1
566,7,7,7,7
567,1,1,1,1
568,1,1,1,1
569,1,1,1,1
570,1,1,1,1
571,1,1,1,1
572,7,7,7,7
573,8,8,8,8
574,1,1,1,1
575,8,0,0,0
576,4,4,4,4
577,7,7,7,7
578,1,2,2,1
579,1,1,7,7
580,1,1,1,2
581,5,5,5,5
582,5,5,5,5
583,1,1,1,1
584,1,1,1,1
585,4,4,4,4
586,1,1,1,1
587,1,1,1,1
588,5,5,5,5
589,1,1,1,1
590,5,5,5,5
591,4,4,4,4
592,5,5,5,5
593,4,4,4,4
594,1,2,2,2
595,8,8,8,8
596,4,4,4,4
597,8,8,8,8
598,4,4,4,4
599,7,7,7,7
600,1,1,1,2
601,4,4,4,4
602,1,1,1,2
603,5,5,5,5
604,8,8,8,8
605,5,5,5,5
606,5,5,5,5
607,1,1,2,1
608,5,5,5,5
609,5,5,5,5
610,1,1,1,1
611,1,1,1,1
612,5,5,5,5
613,6,6,6,6
614,2,1,1,1
615,2,1,1,1
616,2,2,2,1
617,1,2,2,2
618,8,8,8,8
619,1,0,0,1
620,1,1,1,1
621,5,5,5,5
622,5,5,5,5
623,3,5,3,3
624,1,1,1,1
625,5,5,5,5
626,2,2,2,3
627,1,1,2,1
628,5,5,5,5
629,8,8,8,8
630,7,7,7,7
631,7,7,7,5
632,7,8,7,7
633,8,8,8,8
634,7,7,7,7
635,1,1,1,1
636,1,1,1,1
637,2,2,1,1
638,1,1,1,1
639,5,5,5,5
640,5,5,5,5
641,5,5,5,5
642,4,4,4,4
643,5,5,0,0
644,1,1,1,1
645,0,5,0,8
646,1,1,1,2
647,1,1,1,1
648,7,7,7,7
649,1,2,1,1
650,7,7,7,7
651,4,4,4,4
652,5,5,5,5
653,5,5,5,5
654,1,1,1,1
655,5,5,5,5
656,5,5,5,5
657,7,7,7,7
658,4,4,4,4
659,7,7,7,7
660,0,0,0,0
661,1,2,2,2
662,1,1,2,2
663,5,5,5,5
664,7,7,7,7
665,8,8,8,8
666,7,7,7,7
667,1,1,1,1
668,5,5,5,5
669,1,1,1,1
670,1,1,1,1
671,0,0,0,0
672,5,5,5,5
673,7,7,7,7
674,7,7,7,7
675,5,5,5,5
676,8,8,8,8
677,7,7,7,7
678,1,1,1,1
679,2,1,1,1
680,1,1,1,1
681,5,5,5,5
682,1,1,1,1
683,1,1,1,1
684,5,5,5,5
685,1,2,2,2
686,5,5,5,5
687,7,7,7,7
688,5,5,5,5
689,7,2,7,8
690,5,5,5,5
691,6,1,1,1
692,4,4,4,4
693,1,0,0,0
694,5,5,5,5
695,1,1,1,1
696,5,5,5,5
697,1,1,1,1
698,5,5,5,5
699,5,5,5,5
700,1,2,1,1
701,4,4,4,4
702,5,5,5,5
703,1,1,1,2
704,8,8,8,8
705,4,4,4,4
706,5,5,5,5
707,7,7,7,7
708,1,8,8,1
709,8,8,8,8
710,4,4,4,4
711,7,7,7,7
712,8,8,8,8
713,1,1,1,1
714,1,1,1,1
715,5,5,5,5
716,7,7,7,7
717,5,7,5,5
718,5,5,5,5
719,1,1,1,2
720,8,8,8,8
721,5,5,5,5
722,1,2,1,2
723,1,1,1,1
724,1,1,1,1
725,7,7,7,7
726,6,6,6,6
727,1,1,1,1
728,8,8,8,8
729,1,1,1,1
730,7,7,7,7
731,5,5,5,5
732,7,7,7,7
733,6,2,2,6
734,1,1,1,1
735,1,1,3,3
736,5,5,0,5
737,7,7,7,7
738,5,5,5,5
739,1,1,1,1
740,5,5,5,5
741,1,1,1,1
742,4,4,4,4
743,1,1,1,1
744,1,1,1,1
745,5,5,5,5
746,5,5,5,5
747,4,4,4,4
748,5,5,5,5
749,7,7,7,7
750,5,6,6,5
751,7,7,7,7
752,1,1,1,1
753,1,3,3,3
754,1,2,2,2
755,1,1,1,1
756,5,5,5,5
757,1,1,1,1
758,7,7,7,7
759,1,1,1,1
760,1,1,1,1
761,8,8,8,8
762,1,2,2,2
763,1,2,2,2
764,7,7,7,7
765,7,7,7,7
766,1,2,2,2
767,7,7,7,7
768,2,2,1,1
769,1,1,3,1
770,5,5,5,5
771,1,1,1,1
772,5,5,5,5
773,8,8,8,8
774,1,5,5,5
775,1,1,1,2
776,1,1,1,1
777,1,1,1,1
778,7,7,7,7
779,8,8,8,8
780,5,5,5,5
781,4,4,4,4
782,1,1,1,2
783,8,8,8,8
784,5,5,5,5
785,2,2,2,2
786,5,5,5,5
787,5,5,5,5
788,1,1,1,1
789,1,2,2,2
790,5,5,5,5
791,5,5,5,5
792,7,7,7,7
793,1,2,3,3
794,5,5,5,5
795,6,6,6,6
796,5,5,3,5
797,2,1,2,1
798,4,4,4,4
799,1,1,1,1
800,1,2,2,1
801,0,8,0,0
802,2,2,2,2
803,8,8,8,8
804,7,7,7,7
805,1,1,1,1
806,1,1,1,1
807,1,6,6,6
808,8,8,8,8
809,2,1,2,2
810,5,7,7,5
811,5,5,5,5
812,5,5,5,5
813,1,1,1,1
814,1,1,1,1
815,8,8,8,8
816,8,8,8,8
817,5,5,5,5
818,5,5,5,5
819,5,8,0,8
820,1,1,1,1
821,5,5,5,5
822,7,7,7,7
823,5,5,5,5
824,1,1,1,1
825,5,5,5,5
826,1,1,1,3
827,7,5,5,5
828,1,1,1,1
829,5,7,7,7
830,7,7,7,7
831,1,1,1,1
832,2,1,1,2
833,7,7,7,7
834,8,8,8,0
835,5,5,5,5
836,7,7,7,7
837,4,4,4,4
838,2,1,2,2
839,7,7,7,7
840,4,4,4,4
841,8,8,8,8
842,7,7,7,7
843,1,1,1,1
844,1,2,2,2
845,1,1,3,1
846,2,2,2,2
847,1,1,1,1
848,1,1,1,1
849,7,7,7,7
850,5,5,5,5
851,1,1,1,1
852,5,5,5,5
853,1,2,2,2
854,5,5,5,5
855,2,2,2,1
856,1,1,1,1
857,1,1,1,1
858,1,1,3,3
859,5,5,5,5
860,5,5,5,5
861,5,5,5,5
862,2,2,1,1
863,7,7,7,7
864,1,1,1,1
865,5,5,5,5
866,1,1,1,1
867,1,1,1,1
868,1,1,1,1
869,1,1,1,1
870,7,7,7,7
871,5,6,5,5
872,7,7,8,7
873,5,5,5,5
874,5,5,5,5
875,8,8,8,8
876,7,7,7,7
877,1,1,3,3
878,8,8,8,8
879,5,5,5,5
880,4,4,4,4
881,5,5,5,5
882,5,5,5,5
883,1,1,1,1
884,1,1,1,1
885,1,1,1,1
886,1,1,1,1
887,5,5,5,5
888,5,5,5,5
889,5,5,5,5
890,5,5,5,5
891,7,7,7,7
892,2,2,2,2
893,7,7,7,0
894,5,5,5,5
895,1,1,1,1
896,5,5,5,5
897,8,8,8,8
898,7,7,7,7
899,6,6,6,6
900,7,7,7,7
901,7,7,7,7
902,5,5,5,5
903,1,1,1,1
904,1,1,1,1
905,1,1,1,1
906,2,2,1,1
907,4,4,4,4
908,5,5,5,7
909,8,8,8,8
910,2,2,2,2
911,1,1,1,1
912,5,5,5,5
913,5,8,8,5
914,6,3,3,2
915,7,7,7,7
916,1,1,1,1
917,1,1,1,1
918,5,5,5,5
919,8,7,8,8
920,7,7,7,7
921,5,5,5,5
922,1,1,2,1
923,1,1,1,1
924,5,5,5,5
925,1,1,1,2
926,1,2,2,2
927,1,1,1,1
928,2,2,1,2
929,8,8,8,8
930,1,1,2,1
931,7,7,7,7
932,8,8,8,8
933,1,1,2,2
934,2,2,2,1
935,1,1,1,1
936,1,1,1,1
937,1,1,3,4
938,6,6,6,6
939,6,6,2,1
940,1,1,1,1
941,7,7,7,7
942,7,7,7,7
943,7,7,7,7
944,1,2,1,1
945,5,5,5,5
946,1,2,2,2
947,5,5,5,5
948,1,1,1,1
949,1,1,1,1
950,1,1,1,2
951,1,2,1,1
952,7,7,7,7
953,2,2,2,2
954,5,5,5,5
955,8,8,8,8
956,1,1,1,1
957,5,5,5,5
958,6,6,6,6
959,1,1,1,1
960,5,5,5,5
961,3,3,3,3
962,1,1,1,1
963,1,2,1,1
964,2,1,2,1
965,1,1,1,1
966,0,0,0,0
967,5,5,5,5
968,1,2,2,2
969,1,1,3,2
970,1,2,1,1
971,5,5,5,5
972,8,8,8,8
973,8,8,8,8
974,8,8,8,8
975,1,1,1,1
976,1,1,1,1
977,1,1,1,1
978,5,5,5,5
979,5,5,5,5
980,1,1,1,1
981,1,1,1,1
982,5,8,8,5
983,5,5,5,5
984,5,5,5,5
985,1,1,1,1
986,1,1,1,1
987,5,5,5,5
988,7,7,7,7
989,1,1,1,1
990,5,5,5,5
991,7,7,7,7
992,1,2,2,1
993,1,1,1,1
994,1,1,1,1
995,7,7,7,7
996,1,1,1,1
997,1,1,1,1
998,5,5,5,5
999,6,5,6,6
1000,5,5,5,5
1001,1,1,1,1
1002,1,1,1,1
1003,1,1,1,1
1004,7,7,7,7
1005,5,5,5,5
1006,5,5,0,6
1007,5,5,5,5
1008,1,1,2,2
1009,1,2,2,1
1010,1,1,1,1
1011,8,8,8,8
1012,1,2,2,1
1013,1,1,1,1
1014,1,1,1,1
1015,5,5,5,5
1016,1,1,1,1
1017,5,5,5,5
1018,1,1,1,1
1019,7,7,7,7
1020,6,6,6,7
1021,7,7,7,7
1022,6,6,6,5
1023,8,8,8,8
1024,6,1,1,6
1025,1,1,1,1
1026,8,8,8,8
1027,1,1,2,2
1028,5,5,5,5
1029,8,8,8,8
1030,8,8,8,8
1031,5,5,5,5
1032,7,5,5,7
1033,4,4,4,4
1034,1,1,1,1
1035,1,1,1,1
1036,5,5,5,5
1037,1,1,1,1
1038,5,5,5,5
1039,1,1,1,1
1040,5,5,5,5
1041,2,2,1,1
1042,7,7,7,7
1043,2,1,1,1
1044,1,1,1,2
1045,1,8,8,8
1046,5,5,5,5
1047,5,5,5,5
1048,1,1,1,1
1049,8,8,8,8
1050,1,1,1,1
1051,1,1,1,1
1052,7,7,7,7
1053,2,1,1,2
1054,5,5,5,5
1055,5,5,5,5
1056,2,2,2,2
1057,3,3,3,3
1058,7,7,7,7
1059,7,6,6,6
1060,1,1,1,1
1061,1,1,1,1
1062,1,2,2,2
1063,1,1,1,1
1064,5,5,5,5
1065,6,6,6,2
1066,7,7,7,7
1067,1,2,2,2
1068,5,5,5,5
1069,2,2,2,2
1070,5,5,5,5
1071,1,1,1,1
1072,1,1,1,1
1073,1,1,1,1
1074,7,7,7,7
1075,7,7,7,7
1076,5,5,6,7
1077,7,7,7,7
1078,1,1,1,1
1079,2,1,1,2
1080,8,8,8,8
1081,7,7,7,7
1082,7,6,6,6
1083,1,1,1,1
1084,8,8,8,8
1085,8,8,8,8
1086,2,1,2,1
1087,1,1,1,1
1088,0,8,0,0
1089,2,1,6,2
1090,7,7,7,7
1091,6,6,6,6
1092,0,0,0,0
1093,5,5,5,5
1094,0,0,0,0
1095,3,3,1,3
1096,0,0,0,0
1097,1,1,1,1
1098,5,5,5,5
1099,1,1,1,1
1100,6,3,3,6
1101,7,7,7,7
1102,2,2,2,1
1103,5,5,5,5
1104,5,5,5,5
1105,1,1,1,1
1106,6,2,6,6
1107,8,8,8,8
1108,8,8,8,8
1109,1,2,1,2
1110,6,6,6,6
1111,7,7,7,7
1112,1,1,1,3
1113,8,8,8,8
1114,7,7,7,7
1115,7,7,7,7
1116,5,5,6,5
1117,5,5,5,5
1118,6,7,6,6
1119,5,5,5,5
1120,7,7,7,7
1121,7,7,7,7
1122,1,2,2,2
1123,1,1,1,1
1124,7,7,7,7
1125,1,1,1,1
1126,2,2,2,2
1127,6,6,6,6
1128,7,7,0,7
1129,7,7,7,7
1130,1,1,1,1
1131,1,2,2,2
1132,1,1,1,1
1133,1,1,1,1
1134,1,1,1,1
1135,5,5,5,5
1136,5,5,5,5
1137,7,7,7,7
1138,1,1,1,1
1139,8,8,8,8
1140,6,6,6,6
1141,1,4,6,1
1142,1,1,1,1
1143,1,1,1,1
1144,7,7,7,7
1145,1,8,8,8
1146,1,1,1,1
1147,7,7,7,7
1148,5,5,5,5
1149,5,5,5,5
1150,5,5,5,5
1151,1,1,1,1
1152,2,2,1,1
1153,1,3,2,3
1154,1,2,2,1
1155,1,1,1,2
1156,1,1,1,1
1157,5,5,5,5
1158,1,1,1,1
1159,8,8,8,8
1160,8,8,8,8
1161,2,2,2,2
1162,5,5,5,5
1163,1,1,1,1
1164,8,8,8,8
1165,3,2,5,7
1166,8,8,8,8
1167,7,7,7,7
1168,6,6,6,6
1169,5,5,5,5
1170,6,5,5,5
1171,5,5,5,5
1172,8,8,8,8
1173,8,8,8,8
1174,5,5,5,5
1175,1,1,1,1
1176,1,1,1,1
1177,1,1,1,1
1178,7,7,7,7
1179,5,5,5,5
1180,3,3,3,3
1181,8,8,8,8
1182,1,1,1,1
1183,2,2,2,1
1184,1,1,1,1
1185,6,6,6,6
1186,1,2,2,1
1187,1,2,1,1
1188,1,1,1,1
1189,5,5,5,5
1190,1,2,2,1
1191,1,1,1,1
1192,5,5,5,5
1193,1,1,1,1
1194,1,2,2,2
1195,7,7,7,7
1196,8,8,8,8
1197,1,1,1,1
1198,4,4,4,4
1199,4,4,4,4
1200,5,5,5,5
1201,5,5,5,5
1202,7,7,7,7
1203,1,2,2,2
1204,2,1,2,2
1205,5,5,5,5
1206,5,5,5,5
1207,4,4,4,4
1208,7,5,7,7
1209,7,7,7,7
1210,2,2,2,2
1211,1,1,1,1
1212,5,5,5,5
1213,1,2,2,2
1214,1,1,1,1
1215,1,1,1,1
1216,8,8,8,8
1217,1,1,2,1
1218,5,5,5,5
1219,1,1,1,1
1220,2,2,2,2
1221,1,1,2,1
1222,1,1,1,1
1223,4,4,4,4
1224,1,1,2,1
1225,8,8,8,8
1226,2,2,2,2
1227,7,7,7,7
1228,7,7,7,7
1229,5,5,5,5
1230,8,8,8,8
1231,1,1,1,1
1232,1,1,2,1
1233,7,7,7,7
1234,1,1,1,1
1235,1,2,2,2
1236,1,5,1,1
1237,5,5,5,5
1238,5,5,5,5
1239,5,5,5,5
1240,1,1,2,2
1241,1,1,1,1
1242,5,5,5,5
1243,1,1,1,1
1244,1,1,2,2
1245,7,7,7,0
1246,5,5,5,5
1247,7,7,7,7
1248,7,7,7,7
1249,1,1,1,1
1250,1,1,1,1
1251,1,2,2,2
1252,7,7,7,7
1253,5,7,7,5
1254,7,7,7,7
1255,1,1,1,1
1256,8,8,8,8
1257,7,7,7,7
1258,5,5,5,5
1259,1,1,1,1
1260,7,7,7,7
1261,8,8,8,8
1262,7,7,7,7
1263,5,5,5,5
1264,1,1,1,1
1265,1,1,1,1
1266,1,1,2,2
1267,7,7,7,7
1268,5,5,5,5
1269,1,1,1,1
1270,1,1,1,1
1271,7,7,7,7
1272,1,1,1,1
1273,8,8,8,8
1274,2,2,2,2
1275,1,1,1,1
1276,8,8,8,8
1277,1,1,1,1
1278,2,1,1,1
1279,1,6,1,1
1280,2,1,1,2
1281,1,1,1,1
1282,1,1,3,3
1283,1,1,1,1
1284,7,8,8,8
1285,5,5,5,5
1286,5,5,5,5
1287,5,5,5,5
1288,7,7,7,7
1289,8,8,8,8
1290,0,7,0,0
1291,8,8,8,8
1292,5,5,5,5
1293,3,3,3,3
1294,1,1,1,1
1295,7,7,7,7
1296,2,2,2,2
1297,7,7,7,7
1298,2,2,1,1
1299,1,2,2,2
1300,1,1,1,1
1301,1,1,1,1
1302,0,0,0,0
1303,1,1,1,1
1304,1,1,1,1
1305,1,3,3,1
1306,4,4,4,4
1307,1,1,1,1
1308,1,7,7,7
1309,1,3,3,3
1310,1,1,1,1
1311,1,7,8,5
1312,7,7,7,7
1313,1,1,1,1
1314,7,7,7,7
1315,1,2,1,1
1316,1,1,1,1
1317,7,7,7,7
1318,1,1,1,1
1319,8,8,0,8
1320,1,1,1,1
1321,5,5,5,5
1322,8,8,8,8
1323,0,0,0,0
1324,1,1,1,1
1325,1,1,1,1
1326,6,6,6,6
1327,1,2,2,1
1328,2,2,2,2
1329,5,5,5,5
1330,4,4,4,4
1331,1,0,0,0
1332,2,2,1,2
1333,1,1,1,1
1334,8,8,8,8
1335,7,7,7,0
1336,5,5,5,5
1337,1,1,1,1
1338,7,8,8,8
1339,8,8,8,8
1340,1,1,1,1
1341,5,5,5,5
1342,1,1,1,1
1343,7,7,7,7
1344,1,1,2,1
1345,2,1,1,1
1346,7,7,7,7
1347,5,5,5,5
1348,1,2,2,1
1349,5,5,5,5
1350,7,7,7,7
1351,1,1,1,1
1352,5,5,5,5
1353,1,1,1,2
1354,1,1,1,1
1355,5,5,5,5
1356,1,1,1,1
1357,1,1,1,2
1358,4,4,4,4
1359,5,6,6,5
1360,2,2,2,2
1361,7,7,7,7
1362,5,5,5,5
1363,5,5,5,5
1364,1,2,2,1
1365,4,4,4,4
1366,1,2,1,1
1367,5,6,5,5
1368,5,5,5,5
1369,5,5,5,5
1370,7,7,7,7
1371,5,5,5,5
1372,7,7,7,7
1373,7,7,7,7
1374,7,7,7,7
1375,1,3,3,3
1376,7,7,7,7
1377,1,1,1,1
1378,7,7,7,7
1379,5,5,5,5
1380,4,4,4,4
1381,1,1,1,1
1382,5,5,5,5
1383,4,4,4,4
1384,7,7,7,7
1385,1,1,1,1
1386,5,5,5,5
1387,6,6,6,6
1388,1,2,2,1
1389,1,1,1,1
1390,1,1,1,1
1391,1,1,1,1
1392,1,1,1,1
1393,5,5,5,5
1394,8,8,8,8
1395,1,1,1,1
1396,6,6,6,6
1397,4,4,4,4
1398,4,1,1,1
1399,5,5,5,5
1400,1,1,1,1
1401,0,7,0,0
1402,1,1,1,1
1403,1,1,1,1
1404,6,7,6,6
1405,1,2,2,3
1406,7,7,7,7
1407,1,2,2,6
1408,5,5,5,5
1409,5,5,5,5
1410,7,7,7,7
1411,2,2,2,2
1412,8,8,8,8
1413,5,5,5,5
1414,5,5,5,5
1415,2,2,1,1
1416,7,7,7,7
1417,6,6,6,6
1418,1,1,1,1
1419,5,5,5,5
1420,1,1,1,1
1421,5,5,5,5
1422,1,1,1,1
1423,8,8,8,8
1424,1,1,1,2
1425,8,8,8,8
1426,6,6,6,6
1427,5,5,5,5
1428,1,1,1,2
1429,1,3,3,1
1430,6,6,6,5
1431,1,1,1,1
1432,1,1,1,1
1433,7,5,7,0
1434,5,5,5,5
1435,1,1,1,1
1436,1,1,1,1
1437,1,2,2,1
1438,7,7,7,7
1439,0,0,0,0
1440,1,2,2,1
1441,8,8,8,8
1442,8,8,8,8
1443,4,4,4,4
1444,5,5,5,5
1445,1,1,2,2
1446,1,1,1,1
1447,1,1,1,1
1448,5,5,5,5
1449,7,7,7,7
1450,5,5,5,5
1451,1,1,1,1
1452,1,1,1,1
1453,1,1,1,1
1454,1,1,1,1
1455,1,1,2,2
1456,5,5,5,5
1457,1,2,2,1
1458,4,4,4,4
1459,1,1,1,1
1460,1,1,1,1
1461,1,1,2,2
1462,4,4,4,4
1463,5,5,5,5
1464,8,8,8,8
1465,2,2,2,2
1466,5,5,5,5
1467,1,1,1,1
1468,5,5,5,5
1469,1,1,1,1
1470,7,5,5,7
1471,0,0,0,0
1472,7,7,0,0
1473,8,8,8,8
1474,8,8,8,8
1475,7,7,7,7
1476,1,1,1,1
1477,1,1,1,1
1478,5,5,5,5
1479,1,1,2,2
1480,8,8,8,8
1481,1,1,1,1
1482,5,5,5,5
1483,1,1,1,1
1484,1,1,1,1
1485,5,5,5,5
1486,5,5,5,5
1487,4,4,4,4
1488,7,7,7,7
1489,5,5,5,5
1490,6,6,6,6
1491,1,2,2,2
1492,4,4,4,4
1493,7,7,7,7
1494,5,5,5,5
1495,1,2,2,1
1496,6,6,6,6
1497,1,1,1,1
1498,5,5,5,5
1499,2,3,3,1
1500,1,2,2,1
1501,7,7,7,7
1502,5,5,5,5
1503,5,5,5,5
1504,2,2,2,2
1505,1,1,1,2
1506,7,7,7,7
1507,4,4,4,4
1508,6,6,6,6
1509,5,5,5,5
1510,1,1,1,1
1511,1,1,1,1
1512,1,1,1,1
1513,1,1,1,1
1514,2,2,2,1
1515,1,1,1,2
1516,8,8,8,8
1517,8,8,8,8
1518,5,5,5,5
1519,1,1,1,1
1520,1,1,1,1
1521,5,5,5,5
1522,7,7,7,7
1523,1,1,1,1
1524,7,7,7,7
1525,5,5,5,5
1526,5,5,5,5
1527,5,5,5,5
1528,1,1,1,1
1529,5,5,5,5
1530,1,1,1,1
1531,1,5,5,6
1532,5,5,5,5
1533,1,2,1,1
1534,1,1,2,2
1535,5,5,5,5
1536,7,5,0,6
1537,5,5,5,5
1538,7,7,7,7
1539,1,1,1,1
1540,7,7,7,7
1541,5,5,5,5
1542,4,4,4,4
1543,5,5,5,5
1544,8,8,8,8
1545,3,3,3,3
1546,1,1,1,2
1547,5,5,5,5
1548,1,1,1,1
1549,5,5,5,5
1550,1,1,1,1
1551,5,5,5,5
1552,1,1,1,1
1553,1,1,1,1
1554,4,4,4,4
1555,6,6,6,5
1556,8,8,8,8
1557,1,2,1,2
1558,5,0,5,8
1559,1,2,2,1
1560,7,7,7,7
1561,6,6,6,6
1562,7,7,7,7
1563,2,2,2,1
1564,7,7,7,7
1565,4,4,4,4
1566,6,6,6,6
1567,7,7,7,7
1568,1,1,1,1
1569,4,4,4,4
1570,0,0,0,0
1571,7,7,7,7
1572,1,1,1,1
1573,1,1,1,1
1574,5,5,5,5
1575,8,8,8,8
1576,5,7,5,5
1577,1,1,1,1
1578,1,1,1,2
1579,1,1,1,1
1580,1,1,1,1
1581,1,8,8,8
1582,1,1,1,1
1583,0,0,0,0
1584,1,1,1,1
1585,5,5,5,5
1586,1,8,8,1
1587,2,2,2,1
1588,7,7,7,7
1589,1,1,1,4
1590,5,5,5,5
1591,8,8,8,8
1592,1,2,1,2
1593,8,8,8,8
1594,5,5,5,5
1595,5,5,5,5
1596,1,1,1,1
1597,5,5,5,5
1598,1,2,2,1
1599,7,7,7,7
1600,7,7,7,7
1601,7,7,0,7
1602,1,1,1,1
1603,8,8,8,8
1604,1,1,2,6
1605,7,7,7,7
1606,7,7,6,7
1607,7,7,7,7
1608,7,7,7,7
1609,5,5,5,5
1610,8,8,8,8
1611,3,3,3,3
1612,5,5,5,5
1613,4,4,4,4
1614,7,7,7,7
1615,7,7,7,7
1616,8,8,8,8
1617,6,6,6,6
1618,5,5,5,5
1619,5,5,5,5
1620,5,5,5,5
1621,1,1,1,1
1622,5,5,5,5
1623,4,4,4,4
1624,1,2,1,3
1625,1,2,1,2
1626,8,8,8,8
1627,8,0,0,0
1628,8,5,5,5
1629,1,3,3,3
1630,0,0,0,0
1631,1,1,1,1
1632,1,1,5,1
1633,8,8,8,5
1634,2,2,2,2
1635,1,2,1,1
1636,5,5,5,5
1637,5,5,5,5
1638,8,8,8,8
1639,2,2,1,2
1640,0,0,0,0
1641,1,1,1,1
1642,5,5,5,5
1643,1,1,1,1
1644,7,7,7,7
1645,7,7,7,7
1646,0,0,8,0
1647,6,6,6,6
1648,2,2,2,1
1649,5,7,7,0
1650,2,1,1,2
1651,1,2,2,1
1652,7,5,5,5
1653,1,1,1,1
1654,1,1,1,1
1655,7,7,7,7
1656,5,5,5,5
1657,2,1,1,1
1658,0,6,0,0
1659,7,7,7,7
1660,2,2,1,1
1661,1,1,1,1
1662,7,7,7,7
1663,5,5,5,5
1664,8,8,8,8
1665,5,5,5,5
1666,7,7,7,7
1667,1,1,3,1
1668,1,1,1,1
1669,7,7,7,7
1670,5,5,5,5
1671,1,1,1,1
1672,2,1,2,2
1673,1,1,1,1
1674,7,7,0,0
1675,8,8,8,8
1676,5,5,5,5
1677,1,1,1,2
1678,6,6,6,6
1679,5,5,6,5
1680,1,6,6,6
1681,8,8,8,8
1682,1,2,2,1
1683,1,1,1,1
1684,7,7,7,7
1685,7,7,7,7
1686,1,2,2,2
1687,5,5,5,5
1688,1,1,1,1
1689,5,5,5,5
1690,1,2,0,2
1691,7,7,7,7
1692,7,7,7,7
1693,1,2,3,3
1694,5,5,5,5
1695,5,5,5,5
1696,5,5,5,5
1697,1,1,1,1
1698,1,1,3,1
1699,5,7,7,5
1700,4,4,4,4
1701,8,8,8,8
1702,1,2,2,2
1703,5,5,5,5
1704,5,5,5,5
1705,1,1,2,2
1706,1,1,1,1
1707,6,6,6,6
1708,1,1,1,1
1709,1,5,8,0
1710,1,1,2,2
1711,1,5,0,7
1712,7,7,7,7
1713,7,2,2,2
1714,1,1,3,1
1715,1,1,1,1
1716,7,7,7,7
1717,1,1,2,1
1718,5,5,5,0
1719,5,5,5,5
1720,1,1,1,1
1721,1,1,1,1
1722,5,5,5,5
1723,1,1,1,1
1724,1,1,2,2
1725,1,1,1,1
1726,3,6,6,6
1727,1,1,1,1
1728,7,7,7,7
1729,1,1,1,1
1730,5,5,5,5
1731,1,1,1,1
1732,5,5,5,5
1733,0,0,0,0
1734,1,1,1,1
1735,5,5,5,5
1736,8,0,0,0
1737,5,6,6,6
1738,7,7,7,7
1739,5,5,5,5
1740,1,2,2,2
1741,1,1,1,1
1742,7,7,7,7
1743,1,2,1,1
1744,7,7,7,7
1745,8,8,8,8
1746,6,6,6,6
1747,1,1,3,2
1748,5,5,5,5
1749,2,1,2,2
1750,1,1,1,1
1751,8,8,8,8
1752,7,7,7,7
1753,5,5,5,5
1754,8,8,8,8
1755,1,1,1,1
1756,5,5,5,5
1757,1,1,1,1
1758,1,2,1,1
1759,7,7,7,7
1760,1,1,1,1
1761,1,2,2,2
1762,1,1,1,1
1763,7,7,7,7
1764,1,1,1,1
1765,1,3,3,3
1766,5,5,5,5
1767,5,5,5,5
1768,1,1,1,1
1769,5,5,5,5
1770,5,5,5,5
1771,1,1,1,1
1772,8,8,8,8
1773,1,1,1,1
1774,8,8,8,8
1775,5,5,5,5
1776,1,2,2,2
1777,1,1,1,1
1778,5,5,7,5
1779,1,1,1,1
1780,1,1,1,1
1781,1,4,4,4
1782,2,2,2,1
1783,7,7,7,7
1784,1,1,1,1
1785,1,1,1,1
1786,1,1,8,1
1787,1,2,2,1
1788,1,1,1,1
1789,0,0,0,0
1790,0,0,0,0
1791,1,1,2,3
1792,1,8,1,8
1793,7,7,7,7
1794,5,5,5,5
1795,1,6,6,6
1796,1,1,1,1
1797,0,0,0,0
1798,1,1,1,1
1799,1,2,2,2
1800,1,1,1,2
1801,7,7,0,0
1802,1,2,2,2
1803,1,2,2,1
1804,2,3,3,3
1805,5,5,5,5
1806,5,5,5,5
1807,8,8,8,8
1808,1,1,1,1
1809,1,1,2,2
1810,5,5,5,5
1811,1,1,1,1
1812,7,7,7,7
1813,1,1,1,1
1814,1,1,1,1
1815,2,2,2,2
1816,8,8,8,8
1817,5,5,5,5
1818,1,1,1,1
1819,7,7,7,7
1820,1,1,1,1
1821,8,8,8,8
1822,2,1,1,1
1823,2,2,1,2
1824,5,5,5,5
1825,1,1,1,1
1826,5,5,6,0
1827,1,1,1,1
1828,5,5,5,5
1829,4,4,4,4
1830,5,5,5,5
1831,7,7,7,7
1832,8,8,8,8
1833,5,5,5,5
1834,5,5,5,5
1835,1,1,1,1
1836,7,7,7,7
1837,7,7,7,7
1838,5,5,5,5
1839,1,1,1,1
1840,2,2,2,1
1841,5,1,1,1
1842,5,5,5,5
1843,2,2,2,2
1844,5,5,5,5
1845,1,1,3,2
1846,1,1,3,8
1847,1,1,1,1
1848,5,5,5,5
1849,6,7,6,6
1850,1,1,1,1
1851,7,7,7,7
1852,5,5,5,5
1853,7,7,7,7
1854,8,7,0,8
1855,2,2,2,2
1856,8,8,8,8
1857,1,1,1,1
1858,1,1,1,1
1859,7,8,8,8
1860,7,7,7,7
1861,1,1,1,1
1862,3,3,3,3
1863,1,1,3,1
1864,4,4,4,4
1865,1,1,1,1
1866,5,5,5,5
1867,5,5,5,5
1868,1,1,1,1
1869,4,4,4,4
1870,5,5,5,5
1871,5,5,5,5
1872,1,1,1,1
1873,7,7,7,7
1874,3,3,3,3
1875,4,4,4,4
1876,1,1,3,3
1877,8,8,8,8
1878,1,1,3,3
1879,2,1,1,2
1880,1,3,3,3
1881,1,2,1,2
1882,1,1,1,1
1883,1,2,1,1
1884,1,1,1,1
1885,5,5,5,5
1886,5,5,5,5
1887,8,8,8,8
1888,5,5,5,5
1889,4,4,4,4
1890,1,1,1,1
1891,1,1,3,3
1892,8,8,8,8
1893,1,1,1,1
1894,8,8,8,8
1895,1,1,2,1
1896,8,8,7,8
1897,1,1,2,1
1898,1,1,1,1
1899,5,5,5,5
1900,5,5,5,5
1901,5,5,5,5
1902,1,2,2,2
1903,1,1,1,1
1904,5,5,5,5
1905,5,5,5,5
1906,1,3,3,1
1907,1,1,3,3
1908,4,4,4,4
1909,2,1,2,2
1910,8,8,8,8
1911,7,7,7,7
1912,1,0,5,5
1913,1,1,1,1
1914,4,4,4,4
1915,1,1,1,1
1916,5,5,5,5
1917,1,1,1,2
1918,1,1,1,1
1919,5,5,5,5
1920,5,5,5,5
1921,3,2,2,2
1922,4,4,4,4
1923,2,2,1,1
1924,5,5,5,5
1925,1,1,1,2
1926,6,6,6,6
1927,1,1,2,1
1928,1,1,1,1
1929,1,1,2,2
1930,1,5,5,8
1931,5,5,5,5
1932,1,1,1,1
1933,4,4,4,4
1934,1,1,1,2
1935,1,1,1,1
1936,5,5,5,5
1937,1,1,1,1
1938,5,5,5,5
1939,7,7,7,7
1940,5,5,5,5
1941,1,1,2,2
1942,1,1,1,1
1943,1,1,1,1
1944,7,7,7,7
1945,5,5,5,5
1946,1,1,1,1
1947,1,1,1,1
1948,5,5,5,5
1949,1,2,2,2
1950,1,1,1,1
1951,1,1,1,1
1952,5,5,5,5
1953,1,1,1,1
1954,5,6,6,6
1955,8,8,8,8
1956,1,1,1,1
1957,5,5,5,5
1958,4,4,4,4
1959,5,5,5,5
1960,1,1,1,1
1961,5,5,5,5
1962,4,4,4,4
1963,1,1,1,1
1964,1,1,1,2
1965,2,2,2,2
1966,1,1,6,1
1967,5,5,5,5
1968,6,6,6,6
1969,1,1,1,1
1970,2,2,2,2
1971,5,5,5,5
1972,6,7,7,6
1973,1,1,1,1
1974,2,2,2,2
1975,1,1,1,1
1976,1,2,2,1
1977,0,8,0,0
1978,1,1,1,2
1979,2,2,2,2
1980,1,1,1,1
1981,5,5,5,5
1982,1,1,1,1
1983,0,5,5,0
1984,7,7,7,7
1985,5,5,5,5
1986,1,1,1,1
1987,5,5,5,5
1988,7,7,7,7
1989,5,5,5,5
1990,4,4,4,4
1991,7,7,7,7
1992,7,7,7,7
1993,1,1,1,1
1994,8,8,8,8
1995,4,4,4,4
1996,1,3,3,3
1997,1,1,1,1
1998,5,5,5,5
1999,2,1,2,1
2000,7,0,0,0
2001,1,1,1,1
2002,7,7,7,7
2003,1,7,7,7
2004,5,5,5,5
2005,8,8,8,8
2006,7,7,7,7
2007,1,2,2,2
2008,7,7,7,7
2009,2,2,1,2
2010,5,5,5,5
2011,5,5,5,5
2012,0,0,0,0
2013,1,1,1,1
2014,1,1,1,1
2015,5,5,7,5
2016,7,7,7,7
2017,1,1,1,1
2018,5,5,5,5
2019,5,5,5,5
2020,6,6,6,5
2021,1,1,1,1
2022,1,2,1,1
2023,5,5,5,5
2024,5,5,5,5
2025,5,5,5,5
2026,2,6,1,1
2027,1,1,1,1
2028,4,4,4,4
2029,1,2,1,1
2030,7,7,7,7
2031,8,8,8,8
2032,1,1,1,1
2033,1,1,1,1
2034,8,8,8,8
2035,1,1,1,1
2036,6,2,3,3
2037,5,5,5,5
2038,8,8,8,8
2039,1,1,1,1
2040,7,7,7,7
2041,1,1,1,2
2042,5,5,5,5
2043,1,1,1,1
2044,4,4,4,4
2045,1,1,1,1
2046,1,1,1,1
2047,1,1,1,1
2048,6,6,6,6
2049,6,6,6,6
2050,5,5,5,5
2051,7,7,7,7
2052,1,1,1,1
2053,7,1,2,6
2054,5,5,5,5
2055,1,2,2,2
2056,7,5,5,6
2057,1,2,1,1
2058,2,1,1,1
2059,1,1,3,3
2060,1,1,1,1
2061,1,1,2,1
2062,7,7,7,7
2063,6,6,6,6
2064,5,5,5,5
2065,5,5,5,5
2066,1,2,2,1
2067,8,8,8,0
2068,6,6,6,6
2069,1,1,1,1
2070,1,1,2,2
2071,7,7,7,7
2072,5,5,5,5
2073,1,1,1,1
2074,1,2,2,2
2075,5,5,5,5
2076,1,2,2,2
2077,1,2,2,2
2078,7,7,7,7
2079,1,1,1,8
2080,1,1,1,1
2081,7,7,7,7
2082,4,4,4,4
2083,5,5,5,5
2084,5,5,5,5
2085,1,1,1,1
2086,3,3,3,3
2087,7,7,7,7
2088,7,7,7,7
2089,7,7,7,7
2090,1,1,1,1
2091,5,5,5,5
2092,8,8,8,8
2093,7,7,7,7
2094,5,5,5,5
2095,1,1,1,1
2096,1,6,5,0
2097,1,1,1,1
2098,1,1,1,1
2099,1,1,1,1
2100,7,7,7,7
2101,5,5,5,5
2102,1,1,1,1
2103,1,1,1,1
2104,5,7,7,5
2105,1,1,1,1
2106,1,1,1,1
2107,1,1,1,1
2108,1,1,2,2
2109,7,7,7,7
2110,6,6,6,6
2111,5,5,5,5
2112,2,2,2,2
2113,7,7,7,7
2114,7,5,0,0
2115,8,8,8,8
2116,5,5,5,5
2117,1,1,1,1
2118,1,1,1,1
2119,7,7,7,7
2120,1,2,6,2
2121,8,8,8,8
2122,2,6,3,6
2123,1,2,1,2
2124,1,1,1,1
2125,5,5,5,5
2126,7,7,7,7
2127,1,1,1,1
2128,5,5,5,5
2129,1,1,1,1
2130,4,4,4,4
2131,1,1,1,1
2132,1,1,1,1
2133,7,7,7,7
2134,1,1,1,1
2135,7,7,7,7
2136,7,7,7,7
2137,7,7,7,7
2138,5,5,6,5
2139,8,8,8,8
2140,1,1,1,1
2141,1,1,1,1
2142,2,2,2,1
2143,5,5,5,5
2144,0,0,7,0
2145,1,2,2,2
2146,8,8,8,8
2147,1,1,2,2
2148,6,6,6,6
2149,5,5,5,5
2150,1,1,1,1
2151,4,4,4,4
2152,5,5,6,5
2153,1,1,1,1
2154,5,5,5,5
2155,4,4,4,4
2156,1,1,1,1
2157,6,3,3,6
2158,1,2,1,1
2159,1,1,2,2
2160,1,1,1,1
2161,7,7,7,7
2162,1,1,1,1
2163,1,1,1,1
2164,1,1,1,1
2165,1,1,1,1
2166,1,1,2,1
2167,1,1,1,1
2168,5,5,5,3
2169,5,5,5,5
2170,7,7,7,7
2171,7,7,7,7
2172,1,1,1,1
2173,2,2,3,3
2174,1,1,1,1
2175,1,1,1,1
2176,8,8,8,8
2177,5,5,5,5
2178,1,1,1,1
2179,5,5,5,5
2180,0,7,8,7
2181,1,1,1,1
2182,6,6,6,6
2183,1,1,1,1
2184,1,1,1,1
2185,5,5,5,5
2186,7,7,7,7
2187,1,1,1,1
2188,5,5,5,5
2189,4,4,4,4
2190,5,5,5,5
2191,2,2,2,2
2192,2,2,2,2
2193,2,1,1,1
2194,1,1,1,1
2195,1,1,1,1
2196,1,1,1,1
2197,5,5,5,5
2198,5,7,7,7
2199,1,1,1,2
2200,1,7,7,7
2201,7,7,7,7
2202,7,7,7,7
2203,1,1,1,1
2204,4,4,4,4
2205,1,2,2,2
2206,1,1,1,1
2207,1,1,1,1
2208,7,7,7,7
2209,5,5,5,5
2210,1,1,1,1
2211,4,4,4,4
2212,8,8,8,8
2213,1,1,1,1
2214,7,7,7,7
2215,1,1,1,1
2216,0,0,0,0
2217,5,5,5,5
2218,1,1,1,1
2219,3,3,3,1
2220,8,8,8,8
2221,1,1,1,1
2222,8,8,8,8
2223,1,1,1,1
2224,1,1,3,1
2225,5,5,5,5
2226,1,1,2,1
2227,1,1,1,1
2228,1,1,1,1
2229,1,1,1,1
2230,1,7,8,8
2231,5,5,5,5
2232,1,1,3,1
2233,5,5,5,5
2234,5,5,5,5
2235,1,1,1,1
2236,4,4,4,4
2237,8,8,8,8
2238,2,1,1,1
2239,5,5,5,5
2240,2,1,1,1
2241,5,5,5,5
2242,7,7,7,7
2243,1,1,6,1
2244,5,5,5,5
2245,5,5,5,5
2246,8,8,8,8
2247,8,8,8,8
2248,5,5,5,5
2249,1,2,2,1
2250,1,1,1,1
2251,5,5,5,5
2252,1,1,1,1
2253,1,1,1,1
2254,5,5,5,5
2255,1,2,2,1
2256,1,1,1,1
2257,1,1,1,1
2258,1,1,1,1
2259,2,2,2,2
2260,7,7,7,7
2261,5,5,5,5
2262,5,5,5,5
2263,1,1,1,1
2264,6,6,6,6
2265,8,8,8,8
2266,6,6,6,6
2267,5,5,5,5
2268,4,4,4,4
2269,1,1,1,1
2270,1,1,1,1
2271,2,1,6,6
2272,1,1,1,1
2273,5,5,5,5
2274,5,5,5,5
2275,8,5,8,8
2276,6,2,2,6
2277,6,1,1,7
2278,1,1,1,1
2279,5,5,5,5
2280,1,5,6,7
2281,7,7,1,1
2282,5,5,5,5
2283,7,7,7,7
2284,7,7,7,7
2285,6,6,6,6
2286,7,7,7,7
2287,8,8,8,8
2288,5,5,5,5
2289,2,2,2,2
2290,1,2,1,2
2291,1,1,1,2
2292,5,5,5,5
2293,2,2,2,2
2294,1,1,2,1
2295,7,7,7,7
2296,1,8,8,8
2297,1,1,1,1
2298,5,5,5,5
2299,1,1,1,1
2300,0,0,0,0
2301,1,1,1,1
2302,1,1,1,1
2303,4,4,4,4
2304,5,5,5,5
2305,2,2,2,2
2306,1,1,1,1
2307,1,1,2,1
2308,1,1,1,1
2309,1,1,1,1
2310,1,1,2,1
2311,1,1,1,1
2312,1,1,1,1
2313,4,4,4,4
2314,1,2,2,2
2315,1,2,2,2
2316,5,5,5,5
2317,2,2,2,2
2318,1,1,1,1
2319,5,5,5,5
2320,1,1,1,1
2321,7,8,7,0
2322,5,5,5,5
2323,1,2,1,1
2324,1,1,3,3
2325,1,1,2,2
2326,5,5,5,5
2327,0,8,0,8
2328,7,7,7,7
2329,8,8,8,8
2330,7,7,6,7
2331,8,8,8,8
2332,1,1,1,1
2333,8,8,8,8
2334,2,2,2,2
2335,4,4,4,4
2336,1,2,2,2
2337,7,7,7,7
2338,1,1,1,1
2339,5,5,5,5
2340,7,7,7,7
2341,5,5,5,5
2342,5,5,5,5
2343,1,1,1,1
2344,7,7,7,7
2345,5,5,5,8
2346,4,4,4,4
2347,1,1,1,1
2348,1,1,1,1
2349,7,7,7,7
2350,1,1,1,1
2351,1,1,1,1
2352,5,5,5,5
2353,1,1,1,1
2354,1,1,1,1
2355,5,5,5,5
2356,1,1,1,1
2357,8,8,8,8
2358,7,7,7,8
2359,8,8,8,8
2360,7,7,7,7
2361,1,1,1,1
2362,1,1,1,1
2363,7,7,7,7
2364,1,1,1,1
2365,5,5,5,5
2366,1,1,3,3
2367,5,5,5,5
2368,8,8,8,8
2369,1,1,1,1
2370,7,7,7,8
2371,3,1,6,6
2372,5,5,5,5
2373,3,3,3,3
2374,1,1,1,1
2375,1,2,1,1
2376,0,0,0,0
2377,7,7,8,7
2378,5,5,5,5
2379,1,1,1,1
2380,2,2,3,3
2381,8,8,0,8
2382,1,1,1,1
2383,5,5,5,5
2384,8,8,0,0
2385,7,6,6,6
2386,2,2,2,2
2387,2,1,2,1
2388,1,1,0,6
2389,5,5,5,5
2390,1,1,1,2
2391,5,5,5,5
2392,6,5,5,5
2393,2,1,1,1
2394,1,1,1,1
2395,5,5,5,5
2396,4,4,4,4
2397,1,1,1,1
2398,7,7,7,7
2399,5,5,5,5
2400,5,5,5,5
2401,6,6,6,6
2402,8,8,8,8
2403,4,4,4,4
2404,2,3,1,1
2405,7,7,7,7
2406,1,1,1,1
2407,1,1,2,2
2408,1,1,1,1
2409,7,7,7,7
2410,5,5,5,5
2411,1,6,2,6
2412,5,5,5,5
2413,1,1,1,1
2414,8,8,0,8
2415,2,2,2,1
2416,5,5,5,3
2417,5,5,5,5
2418,0,0,0,0
2419,7,7,7,7
2420,7,7,7,7
2421,7,7,7,7
2422,7,7,7,7
2423,5,5,5,5
2424,7,7,7,7
2425,2,1,2,2
2426,8,8,0,8
2427,5,5,5,5
2428,1,1,3,1
2429,5,5,5,5
2430,1,1,1,1
2431,8,8,0,0
2432,1,1,1,2
2433,1,8,1,8
2434,5,5,5,5
2435,7,7,7,7
2436,1,1,1,1
2437,1,3,1,1
2438,1,1,1,1
2439,1,1,1,1
2440,5,5,5,5
2441,7,7,7,7
2442,1,1,1,1
2443,1,3,3,3
2444,7,7,7,7
2445,1,2,2,2
2446,1,1,1,1
2447,5,5,5,5
2448,5,5,5,5
2449,7,5,7,7
2450,5,5,5,5
2451,3,1,3,3
2452,2,2,2,2
2453,1,1,2,1
2454,6,6,6,6
2455,1,1,1,1
2456,8,8,8,8
2457,7,7,7,7
2458,1,1,1,1
2459,8,8,8,8
2460,4,4,4,4
2461,1,1,1,1
2462,1,1,1,1
2463,7,7,7,7
2464,5,5,5,5
2465,2,1,2,1
2466,7,7,7,7
2467,1,1,2,1
2468,1,1,1,2
2469,7,7,7,7
2470,5,5,5,5
2471,1,1,1,1
2472,7,7,7,7
2473,1,1,1,1
2474,1,2,1,1
2475,2,7,7,1
2476,1,1,1,1
2477,1,1,1,1
2478,7,7,7,7
2479,1,1,1,1
2480,4,4,4,4
2481,4,4,4,4
2482,1,2,2,2
2483,1,1,1,1
2484,4,4,4,4
2485,5,5,5,5
2486,8,8,8,5
2487,1,1,1,2
2488,2,1,1,2
2489,5,5,5,5
2490,1,1,1,1
2491,1,1,1,2
2492,8,8,8,8
2493,5,5,5,5
2494,5,5,5,5
2495,5,5,5,5
2496,1,1,1,1
2497,5,5,5,5
2498,1,1,1,2
2499,1,1,1,1
2500,1,3,3,3
2501,1,1,1,1
2502,2,2,2,1
2503,8,8,8,8
2504,2,2,2,2
2505,1,1,2,2
2506,2,2,2,2
2507,7,7,7,0
2508,7,7,7,7
2509,8,8,8,8
2510,5,5,5,5
2511,5,5,5,5
2512,7,7,7,7
2513,1,1,1,1
2514,5,5,5,5
2515,1,1,1,1
2516,1,2,2,2
2517,3,3,3,3
2518,1,1,1,1
2519,1,1,1,1
2520,1,8,8,8
2521,1,1,1,1
2522,1,1,2,1
2523,5,5,5,5
2524,8,8,8,8
2525,5,5,5,5
2526,1,1,2,2
2527,1,1,1,1
2528,7,7,7,7
2529,1,1,1,1
2530,1,1,1,1
2531,5,5,5,5
2532,1,1,1,1
2533,1,1,3,1
2534,5,3,3,3
2535,1,1,1,1
2536,1,2,2,2
2537,7,7,5,7
2538,1,1,1,1
2539,7,7,7,7
2540,2,2,2,1
2541,1,1,1,1
2542,1,1,1,1
2543,1,2,2,2
2544,8,8,8,8
2545,5,5,5,5
2546,7,7,7,7
2547,1,3,1,1
2548,8,8,0,8
2549,1,1,1,1
2550,1,1,1,1
2551,1,1,1,2
2552,5,5,5,5
2553,4,4,4,4
2554,1,1,1,1
2555,8,8,8,8
2556,1,1,1,1
2557,1,1,1,1
2558,1,1,1,1
2559,4,4,4,4
2560,7,7,7,7
2561,0,6,0,5
2562,3,3,3,3
2563,1,1,1,1
2564,1,3,3,1
2565,1,1,1,1
2566,1,2,2,1
2567,5,5,5,5
2568,5,5,5,8
2569,1,1,1,1
2570,1,2,1,2
2571,8,8,8,8
2572,4,4,4,4
2573,7,7,7,7
2574,1,1,1,1
2575,6,6,6,6
2576,1,1,4,4
2577,5,5,6,6
2578,1,1,1,1
2579,3,3,3,3
2580,5,5,5,5
2581,2,2,1,1
2582,7,7,7,2
2583,1,2,2,1
2584,1,1,1,1
2585,8,8,0,0
2586,6,6,6,6
2587,1,1,1,1
2588,8,8,8,8
2589,1,1,1,1
2590,5,5,5,5
2591,1,1,3,3
2592,4,4,4,4
2593,5,5,5,5
2594,1,1,1,1
2595,8,8,8,8
2596,5,0,0,6
2597,7,7,7,7
2598,7,7,7,7
2599,5,5,5,5
2600,1,2,2,2
2601,1,1,1,1
2602,8,8,8,8
2603,8,8,8,8
2604,1,1,1,1
2605,2,1,2,1
2606,7,7,0,7
2607,1,1,1,1
2608,7,5,5,7
2609,1,1,1,1
2610,1,2,2,2
2611,1,1,1,1
2612,7,7,7,7
2613,4,4,4,4
2614,1,1,1,1
2615,1,1,1,1
2616,5,5,5,5
2617,1,1,2,2
2618,1,1,1,1
2619,1,1,2,2
2620,1,1,1,1
2621,8,8,8,8
2622,5,5,5,5
2623,1,1,1,1
2624,1,2,2,1
2625,1,1,2,1
2626,3,3,3,3
2627,1,2,2,1
2628,5,5,5,5
2629,8,8,8,8
2630,1,8,5,7
2631,8,8,8,8
2632,5,5,5,5
2633,2,2,2,1
2634,1,1,1,1
2635,8,8,8,8
2636,1,2,1,1
2637,1,1,1,1
2638,1,1,1,1
2639,1,1,1,1
2640,5,5,5,5
2641,5,5,5,5
2642,1,1,2,2
2643,7,7,7,7
2644,5,5,5,5
2645,5,5,3,5
2646,1,2,1,1
2647,6,6,6,5
2648,5,6,6,6
2649,1,1,1,1
2650,5,5,5,5
2651,1,1,1,1
2652,8,8,7,8
2653,7,7,7,7
2654,7,7,7,7
2655,7,7,7,7
2656,1,1,1,1
2657,4,4,4,4
2658,1,2,1,1
2659,2,1,1,1
2660,6,6,6,5
2661,0,7,0,6
2662,5,7,7,7
2663,8,8,8,8
2664,7,7,7,7
2665,7,8,8,8
2666,1,1,1,1
2667,7,7,7,5
2668,8,8,8,8
2669,5,5,5,5
2670,5,5,5,5
2671,1,2,2,2
2672,1,1,1,1
2673,5,5,5,5
2674,1,1,1,1
2675,1,2,2,2
2676,1,1,1,1
2677,1,1,1,1
2678,5,5,5,5
2679,5,5,5,5
2680,5,5,5,5
2681,1,1,2,1
2682,1,1,1,1
2683,1,1,1,1
2684,1,1,1,1
2685,8,8,8,8
2686,8,8,8,8
2687,1,1,1,1
2688,2,2,6,6
2689,7,7,7,7
2690,1,1,1,1
2691,5,5,5,5
2692,1,2,2,1
2693,5,5,5,5
2694,1,1,1,1
2695,5,5,5,5
2696,8,8,8,8
2697,5,5,5,5
2698,3,3,3,3
2699,4,4,4,4
2700,1,1,2,2
2701,5,5,5,5
2702,6,7,7,7
2703,1,1,1,1
2704,1,5,5,5
2705,1,1,1,1
2706,1,3,3,3
2707,1,1,1,1
2708,1,1,1,1
2709,5,5,5,5
2710,7,7,7,7
2711,1,1,1,1
2712,6,6,6,6
2713,1,1,1,1
2714,7,7,7,7
2715,1,1,1,1
2716,8,8,8,8
2717,7,7,7,7
2718,1,1,1,1
2719,1,1,1,1
2720,5,5,5,5
2721,4,4,4,4
2722,5,5,5,5
2723,7,7,7,7
2724,2,1,1,1
2725,1,1,2,1
2726,1,1,1,1
2727,1,1,1,1
2728,5,5,0,5
2729,2,3,3,3
2730,5,5,5,5
2731,5,5,5,5
2732,1,1,1,1
2733,5,5,5,5
2734,1,1,1,1
2735,0,8,8,0
2736,7,7,7,7
2737,1,1,1,1
2738,5,5,5,5
2739,8,8,0,8
2740,1,1,1,1
2741,5,5,5,5
2742,7,7,7,7
2743,7,7,7,7
2744,2,1,1,1
2745,1,1,1,1
2746,1,1,3,3
2747,4,4,4,4
2748,5,5,5,5
2749,1,1,1,1
2750,5,5,5,5
2751,5,5,5,5
2752,7,7,7,7
2753,1,2,2,1
2754,6,5,6,5
2755,6,6,6,6
2756,5,5,5,5
2757,1,3,3,2
2758,1,3,3,1
2759,1,2,1,1
2760,7,7,8,8
2761,4,4,4,4
2762,2,2,2,1
2763,1,1,2,2
2764,5,5,5,5
2765,1,1,1,1
2766,1,1,8,1
2767,5,5,5,5
2768,1,2,2,2
2769,1,1,1,1
2770,0,0,0,0
2771,7,0,0,0
2772,7,7,7,7
2773,5,8,8,5
2774,4,4,4,4
2775,5,7,7,7
2776,1,1,1,1
2777,1,1,1,1
2778,0,7,0,0
2779,2,1,1,1
2780,5,5,5,5
2781,7,7,7,7
2782,1,1,2,1
2783,1,1,1,1
2784,1,1,2,2
2785,5,5,5,5
2786,1,1,1,2
2787,8,8,8,5
2788,1,1,2,1
2789,4,4,4,4
2790,5,5,5,5
2791,1,1,1,3
2792,1,1,2,2
2793,7,7,7,7
2794,1,2,2,2
2795,1,1,1,1
2796,7,7,7,7
2797,1,3,3,3
2798,1,1,2,2
2799,1,1,1,1
2800,1,1,1,1
2801,1,3,3,3
2802,2,2,2,2
2803,1,1,1,1
2804,0,0,5,0
2805,5,5,5,5
2806,1,1,1,1
2807,1,1,1,2
2808,1,1,1,1
2809,7,7,7,7
2810,1,1,1,1
2811,1,1,1,1
2812,7,7,7,7
2813,1,1,1,1
2814,1,1,1,1
2815,1,2,2,1
2816,1,1,1,1
2817,7,5,7,7
2818,7,7,7,7
2819,1,1,2,1
2820,5,5,5,5
2821,1,2,2,1
2822,0,7,5,5
2823,0,0,0,0
2824,5,5,5,5
2825,1,1,1,1
2826,5,5,5,5
2827,8,1,8,8
2828,5,5,5,5
2829,1,2,2,1
2830,7,7,7,7
2831,5,5,5,5
2832,4,4,4,4
2833,1,1,1,1
2834,1,1,1,1
2835,4,4,4,4
2836,7,7,7,0
2837,2,2,2,1
2838,7,7,7,7
2839,1,1,1,1
2840,1,1,1,1
2841,7,7,7,7
2842,1,1,1,1
2843,5,5,5,5
2844,8,8,8,8
2845,1,1,1,1
2846,7,7,7,7
2847,1,1,1,1
2848,5,5,5,5
2849,1,1,1,1
2850,2,1,1,1
2851,1,1,1,1
2852,1,6,6,6
2853,1,1,1,1
2854,7,7,7,7
2855,1,1,1,1
2856,7,7,7,7
2857,0,0,0,0
2858,1,2,2,1
2859,4,4,4,4
2860,7,7,7,7
2861,1,2,2,1
2862,8,8,8,8
2863,7,7,7,7
2864,1,1,3,3
2865,2,1,2,2
2866,1,1,2,2
2867,4,4,4,4
2868,5,5,5,5
2869,1,1,1,1
2870,8,8,8,8
2871,1,6,6,1
2872,1,1,1,2
2873,7,7,7,7
2874,2,1,1,2
2875,8,8,8,8
2876,1,1,2,1
2877,6,6,6,6
2878,7,7,7,7
2879,3,3,2,1
2880,5,5,5,5
2881,1,2,1,1
2882,1,1,1,1
2883,8,8,8,8
2884,4,4,4,4
2885,4,4,4,4
2886,7,7,7,7
2887,5,5,5,5
2888,5,5,5,5
2889,1,1,2,2
2890,1,1,1,1
2891,1,1,1,1
2892,2,2,1,2
2893,8,8,8,8
2894,1,1,1,1
2895,7,7,7,7
2896,1,1,2,2
2897,1,2,1,1
2898,7,7,7,7
2899,5,5,5,5
2900,7,7,7,7
2901,5,5,5,5
2902,5,5,5,5
2903,7,0,0,0
2904,1,1,1,1
2905,5,5,5,5
2906,1,1,1,1
2907,2,2,1,2
2908,6,6,6,6
2909,6,6,6,6
2910,7,7,7,7
2911,6,6,2,6
2912,1,1,1,1
2913,1,2,3,1
2914,1,1,1,1
2915,1,5,6,7
2916,5,5,5,5
2917,3,3,3,3
2918,5,5,5,5
2919,5,5,5,5
2920,8,8,8,8
2921,2,2,2,2
2922,1,1,1,1
2923,5,5,5,5
2924,7,7,7,7
2925,1,1,1,1
2926,4,4,4,4
2927,7,7,7,7
2928,1,1,1,2
2929,2,2,2,2
2930,1,1,1,1
2931,8,8,8,0
2932,4,4,4,4
2933,1,2,1,1
2934,2,2,2,1
2935,1,1,1,1
2936,1,1,1,1
2937,7,7,7,7
2938,7,7,7,7
2939,5,5,5,5
2940,1,2,1,1
2941,1,1,1,1
2942,8,8,8,8
2943,5,5,5,5
2944,8,7,8,8
2945,1,1,1,1
2946,2,2,1,1
2947,5,5,5,5
2948,7,7,0,0
2949,4,4,4,4
2950,1,2,7,1
2951,4,4,4,4
2952,2,2,2,2
2953,4,4,4,4
2954,5,5,5,5
2955,1,2,2,2
2956,1,2,2,1
2957,4,4,4,4
2958,1,1,1,2
2959,1,1,1,1
2960,1,2,2,2
2961,5,5,5,5
2962,2,2,3,2
2963,7,7,7,7
2964,5,8,5,5
2965,1,3,3,3
2966,1,1,1,1
2967,5,5,5,5
2968,1,1,4,1
2969,2,1,2,2
2970,2,2,2,2
2971,7,7,7,7
2972,2,2,2,2
2973,1,1,1,1
2974,8,8,8,8
2975,5,5,5,5
2976,7,7,7,7
2977,5,5,5,5
2978,1,1,1,1
2979,5,5,5,5
2980,8,8,8,8
2981,5,5,5,5
2982,5,5,5,5
2983,5,5,5,5
2984,1,2,2,2
2985,8,8,8,8
2986,1,1,1,1
2987,7,7,7,7
2988,2,6,6,6
2989,2,2,2,2
2990,7,7,7,7
2991,6,3,6,6
2992,5,5,5,5
2993,1,2,2,1
2994,7,7,7,7
2995,1,1,1,1
2996,7,5,5,7
2997,1,1,1,1
2998,3,3,3,3
2999,5,5,5,5
3000,4,4,4,4
3001,1,2,2,2
3002,1,1,1,1
3003,6,6,6,6
3004,1,4,4,4
3005,1,1,1,1
3006,1,1,2,2
3007,5,5,5,5
3008,6,6,6,6
3009,1,1,2,2
3010,0,0,0,6
3011,1,1,1,2
3012,2,1,1,1
3013,6,5,6,6
3014,5,5,5,5
3015,7,7,7,7
3016,8,8,8,8
3017,5,5,5,5
3018,2,2,2,2
3019,7,7,7,7
3020,1,1,1,1
3021,1,2,2,3
3022,1,2,1,1
3023,1,2,2,2
3024,7,7,7,7
3025,1,3,3,3
3026,1,1,1,1
3027,7,7,7,7
3028,1,2,2,1
3029,1,1,1,1
3030,5,5,5,5
3031,1,1,1,1
3032,1,1,6,1
3033,8,8,8,8
3034,1,0,0,0
3035,7,7,7,7
3036,8,8,8,8
3037,1,1,1,2
3038,8,8,8,8
3039,1,1,1,1
3040,1,1,2,2
3041,8,8,8,8
3042,1,3,1,1
3043,2,1,1,1
3044,7,7,7,7
3045,8,8,8,8
3046,4,4,4,4
3047,5,5,5,5
3048,1,2,2,1
3049,1,1,2,1
3050,1,1,1,1
3051,1,1,1,1
3052,7,7,7,7
3053,8,8,8,8
3054,7,7,7,7
3055,7,7,7,7
3056,1,1,1,1
3057,0,0,6,0
3058,8,8,8,8
3059,6,6,6,6
3060,2,1,1,1
3061,5,5,5,5
3062,5,5,5,5
3063,2,1,3,2
3064,1,1,1,1
3065,5,5,5,5
3066,1,5,5,5
3067,1,1,2,1
3068,7,7,7,7
3069,1,1,1,1
3070,4,4,4,4
3071,2,2,2,2
3072,5,5,5,5
3073,8,8,8,8
3074,5,5,5,5
3075,1,1,1,1
3076,1,2,2,1
3077,1,2,1,1
3078,1,1,1,1
3079,3,6,6,1
3080,5,5,5,8
3081,5,5,5,5
3082,5,5,5,5
3083,5,5,5,5
3084,8,8,8,8
3085,5,5,5,5
3086,1,1,1,1
3087,8,8,8,8
3088,1,0,5,0
3089,1,1,1,1
3090,7,7,7,7
3091,1,2,2,1
3092,5,5,5,5
3093,4,4,4,4
3094,5,5,5,5
3095,4,4,4,4
3096,6,7,6,6
3097,1,1,1,1
3098,7,7,7,0
3099,5,5,5,5
3100,1,1,1,1
3101,5,5,5,5
3102,1,1,1,1
3103,1,1,1,1
3104,5,5,5,5
3105,5,5,5,5
3106,1,1,2,2
3107,7,7,7,7
3108,1,1,1,1
3109,5,5,5,5
3110,5,5,5,5
3111,5,5,5,5
3112,5,5,5,5
3113,1,1,1,1
3114,1,1,1,1
3115,1,1,1,1
3116,1,1,1,1
3117,5,1,5,5
3118,7,7,7,7
3119,8,8,8,8
3120,3,8,8,0
3121,5,5,5,5
3122,2,1,1,2
3123,8,8,8,8
3124,7,7,7,7
3125,1,1,1,1
3126,5,5,5,5
3127,7,7,7,7
3128,7,7,7,7
3129,1,1,1,1
3130,8,8,8,8
3131,1,3,3,3
3132,1,1,1,1
3133,1,1,1,1
3134,1,1,1,1
3135,1,1,1,1
3136,1,1,1,1
3137,1,1,2,1
3138,1,1,1,1
3139,5,5,5,5
3140,1,2,1,2
3141,5,5,5,5
3142,1,1,1,1
3143,7,7,7,7
3144,5,5,5,5
3145,7,7,7,7
3146,1,1,1,1
3147,2,2,2,2
3148,5,5,5,5
3149,1,2,2,1
3150,1,1,6,1
3151,7,7,7,7
3152,8,8,8,8
3153,1,1,1,1
3154,1,1,2,1
3155,1,2,2,1
3156,1,1,1,1
3157,1,1,1,1
3158,1,2,2,2
3159,8,8,8,8
3160,8,8,8,8
3161,7,7,7,7
3162,4,4,4,4
3163,1,1,1,2
3164,0,0,0,0
3165,5,5,5,5
3166,5,5,5,5
3167,1,1,1,1
3168,2,1,2,1
3169,7,7,7,7
3170,1,1,1,1
3171,1,1,2,1
3172,5,5,5,5
3173,1,2,2,1
3174,1,1,1,1
3175,1,2,1,2
3176,1,1,1,2
3177,4,4,4,4
3178,2,2,3,3
3179,1,1,1,1
3180,5,3,3,3
3181,8,8,8,8
3182,5,5,5,5
3183,5,5,5,5
3184,1,0,0,0
3185,7,7,7,7
3186,1,1,1,1
3187,5,5,5,5
3188,5,5,5,5
3189,1,1,1,1
3190,1,1,1,1
3191,3,1,3,3
3192,7,7,7,7
3193,8,8,8,8
3194,1,1,1,1
3195,7,7,7,7
3196,1,1,1,1
3197,1,1,2,1
3198,1,1,1,1
3199,6,6,6,6
3200,1,1,2,2
3201,1,1,1,1
3202,1,1,1,1
3203,2,2,2,2
3204,7,7,7,7
3205,8,8,8,8
3206,8,8,8,8
3207,1,1,1,1
3208,1,1,1,2
3209,1,1,1,1
3210,6,2,2,2
3211,1,1,2,2
3212,1,1,1,1
3213,7,7,7,7
3214,5,5,5,5
3215,4,4,4,4
3216,5,5,5,5
3217,7,6,6,6
3218,1,1,4,4
3219,8,8,8,8
3220,1,1,1,1
3221,1,1,1,1
3222,1,1,1,1
3223,5,5,5,5
3224,1,1,1,2
3225,2,1,1,1
3226,1,1,1,1
3227,7,7,7,7
3228,7,7,7,7
3229,4,4,4,4
3230,1,1,1,1
3231,4,4,4,4
3232,1,2,2,1
3233,5,5,5,6
3234,5,5,5,5
3235,5,5,5,5
3236,4,4,4,4
3237,8,0,0,8
3238,8,8,8,8
3239,1,1,1,1
3240,5,5,8,8
3241,1,2,2,2
3242,5,5,5,5
3243,1,1,1,1
3244,7,7,7,7
3245,1,1,1,1
3246,5,5,5,5
3247,8,8,8,8
3248,7,7,7,7
3249,1,1,1,1
3250,1,2,2,1
3251,5,5,5,5
3252,5,5,5,5
3253,5,5,5,5
3254,2,1,2,2
3255,5,5,5,5
3256,8,8,5,8
3257,1,1,1,1
3258,7,7,7,7
3259,1,1,1,1
3260,5,5,5,5
3261,8,8,8,8
3262,7,7,7,7
3263,6,6,6,5
3264,5,5,5,5
3265,8,8,8,8
3266,1,1,1,1
3267,5,5,5,7
3268,1,2,2,1
3269,1,1,1,1
3270,1,1,1,1
3271,1,1,1,1
3272,7,7,7,7
3273,1,1,1,1
3274,1,2,2,2
3275,8,8,8,0
3276,8,8,8,8
3277,5,5,5,5
3278,1,5,5,5
3279,1,1,1,1
3280,2,1,1,1
3281,2,7,7,8
3282,1,1,1,1
3283,1,1,1,2
3284,1,1,1,1
3285,1,1,2,2
3286,1,1,1,1
3287,5,5,5,5
3288,1,4,4,4
3289,1,2,2,2
3290,5,5,5,5
3291,5,5,5,5
3292,2,2,2,2
3293,5,5,7,5
3294,1,1,1,1
3295,1,1,1,1
3296,5,5,5,5
3297,1,1,1,1
3298,7,7,7,7
3299,8,8,8,8
3300,1,1,1,1
3301,1,1,2,2
3302,5,5,5,5
3303,0,0,0,0
3304,2,1,1,1
3305,1,1,1,1
3306,7,7,7,7
3307,5,5,5,5
3308,7,7,7,7
3309,1,1,1,1
3310,2,2,2,2
3311,5,5,5,5
3312,7,7,7,0
3313,5,5,5,5
3314,8,8,8,8
3315,7,7,7,7
3316,6,6,6,6
3317,5,5,5,5
3318,2,6,6,6
3319,4,4,4,4
3320,5,5,5,5
3321,7,7,7,7
3322,8,8,8,8
3323,8,8,8,8
3324,5,5,5,5
3325,5,5,5,5
3326,1,1,1,1
3327,1,3,3,3
3328,1,2,2,2
3329,5,5,5,8
3330,8,8,8,8
3331,1,2,6,6
3332,7,7,7,7
3333,1,1,2,1
3334,8,8,7,7
3335,8,8,8,8
3336,7,7,7,7
3337,1,2,1,1
3338,7,7,7,7
3339,5,5,5,5
3340,5,5,5,5
3341,7,7,7,7
3342,8,8,8,8
3343,5,5,5,5
3344,5,5,5,5
3345,1,1,1,1
3346,5,5,5,5
3347,4,4,4,4
3348,1,2,1,2
3349,1,1,1,1
3350,4,4,4,4
3351,8,8,8,8
3352,5,5,5,5
3353,1,1,1,1
3354,5,5,5,5
3355,5,5,5,5
3356,1,1,1,1
3357,2,2,2,3
3358,5,5,5,5
3359,5,5,5,5
3360,5,5,5,5
3361,3,2,3,3
3362,1,1,1,1
3363,1,1,1,1
3364,5,5,5,5
3365,7,5,5,5
3366,1,1,1,1
3367,1,1,1,1
3368,8,8,8,8
3369,7,7,7,7
3370,1,1,1,1
3371,1,1,1,1
3372,1,1,1,1
3373,0,7,7,7
3374,5,5,5,5
3375,5,5,5,5
3376,1,1,1,1
3377,1,1,1,1
3378,1,1,1,1
3379,1,1,1,1
3380,1,1,3,1
3381,5,5,5,5
3382,1,1,1,3
3383,1,1,1,1
3384,1,1,1,1
3385,7,7,7,7
3386,1,6,6,6
3387,1,1,1,1
3388,8,8,8,8
3389,5,5,5,5
3390,1,1,1,1
3391,8,8,8,8
3392,1,1,1,1
3393,6,2,6,2
3394,4,4,4,4
3395,1,1,1,1
3396,4,4,4,4
3397,5,5,5,5
3398,1,6,6,6
3399,7,7,7,7
3400,5,5,5,5
3401,1,1,1,1
3402,1,2,2,2
3403,1,1,1,1
3404,5,5,5,5
3405,5,5,5,5
3406,7,7,7,7
3407,8,8,8,8
3408,1,1,1,1
3409,8,8,0,8
3410,5,5,5,5
3411,7,7,7,7
3412,1,1,1,1
3413,5,5,5,5
3414,5,5,5,5
3415,1,1,1,1
3416,1,8,8,8
3417,5,5,5,5
3418,1,1,1,2
3419,8,8,8,8
3420,1,1,1,1
3421,1,1,1,1
3422,1,1,1,1
3423,1,2,2,1
3424,8,8,8,8
3425,1,8,0,0
3426,7,7,7,7
3427,1,2,2,1
3428,2,2,1,2
3429,5,5,5,5
3430,1,1,1,1
3431,1,2,1,1
3432,5,5,5,5
3433,1,2,2,1
3434,2,2,2,2
3435,5,5,5,5
3436,2,2,2,2
3437,1,1,1,1
3438,2,2,2,2
3439,8,8,8,0
3440,6,7,6,0
3441,1,1,1,1
3442,5,5,5,5
3443,1,2,2,1
3444,6,1,6,6
3445,8,8,8,8
3446,1,1,1,1
3447,5,5,5,5
3448,5,5,5,5
3449,7,7,7,7
3450,8,8,8,8
3451,8,8,8,8
3452,1,1,3,1
3453,4,4,4,4
3454,1,2,2,2
3455,4,4,4,4
3456,5,5,5,5
3457,1,1,1,1
3458,2,2,1,2
3459,1,2,1,2
3460,7,7,7,7
3461,1,2,2,2
3462,2,1,2,1
3463,1,1,1,1
3464,1,1,1,1
3465,7,7,7,7
3466,1,1,1,1
3467,7,7,7,7
3468,7,7,7,7
3469,2,1,1,2
3470,5,5,5,5
3471,0,8,0,0
3472,1,1,2,1
3473,4,4,4,4
3474,1,1,1,1
3475,2,2,2,2
3476,1,1,1,1
3477,7,7,7,7
3478,4,4,4,4
3479,5,5,5,5
3480,4,4,4,4
3481,2,1,2,2
3482,8,8,8,8
3483,7,7,7,7
3484,5,5,5,5
3485,2,6,2,1
3486,5,5,5,5
3487,2,2,1,2
3488,1,2,1,1
3489,4,4,4,4
3490,8,8,8,8
3491,5,5,5,7
3492,5,5,5,5
3493,7,7,7,7
3494,2,3,3,2
3495,1,1,1,1
3496,1,1,1,1
3497,5,5,5,5
3498,7,7,7,7
3499,1,1,2,1
3500,4,4,4,4
3501,1,1,1,1
3502,6,5,5,5
3503,1,3,3,3
3504,1,1,1,1
3505,2,8,8,2
3506,5,5,5,5
3507,5,5,5,5
3508,7,8,8,7
3509,5,5,5,5
3510,1,1,1,1
3511,1,1,2,2
3512,7,7,7,7
3513,5,5,5,5
3514,4,4,4,4
3515,1,8,4,2
3516,8,8,8,8
3517,7,7,7,7
3518,1,1,1,1
3519,2,2,2,2
3520,5,5,5,5
3521,1,7,7,7
3522,8,8,8,8
3523,5,5,5,5
3524,1,1,1,1
3525,5,5,5,5
3526,1,2,2,2
3527,5,5,5,5
3528,4,4,4,4
3529,5,5,5,5
3530,5,5,5,5
3531,1,1,1,1
3532,4,4,4,4
3533,1,1,1,1
3534,5,7,7,7
3535,1,1,1,1
3536,5,5,5,5
3537,2,2,2,1
3538,6,6,6,6
3539,7,7,7,7
3540,2,3,3,3
3541,5,5,5,5
3542,2,2,3,2
3543,1,2,2,1
3544,7,7,7,7
3545,2,2,2,2
3546,1,1,2,1
3547,5,5,5,5
3548,1,1,1,1
3549,1,2,2,1
3550,1,6,6,2
3551,4,4,4,4
3552,5,5,5,5
3553,1,1,1,4
3554,1,1,1,2
3555,5,5,5,5
3556,8,8,8,8
3557,6,6,6,6
3558,1,1,1,1
3559,1,2,2,2
3560,5,5,5,5
3561,5,5,5,5
3562,1,1,2,2
3563,7,7,7,7
3564,8,8,8,8
3565,1,1,1,3
3566,8,8,8,8
3567,5,5,5,5
3568,1,1,1,1
3569,5,5,5,5
3570,7,7,7,7
3571,5,5,5,5
3572,1,1,1,1
3573,1,1,1,1
3574,1,2,1,1
3575,5,5,5,6
3576,1,1,1,1
3577,1,1,1,1
3578,6,6,6,6
3579,8,8,8,8
3580,1,1,1,1
3581,7,7,7,7
3582,1,1,1,1
3583,5,5,5,5
3584,8,8,8,8
3585,1,1,1,1
3586,1,2,2,1
3587,5,5,5,5
3588,1,1,1,1
3589,2,2,2,1
3590,5,5,5,5
3591,5,5,5,5
3592,1,1,1,3
3593,5,5,5,5
3594,1,2,2,1
3595,7,7,7,7
3596,5,0,0,5
3597,5,5,5,5
3598,2,3,3,3
3599,2,2,2,2
3600,1,1,1,1
3601,5,5,5,5
3602,6,5,5,6
3603,1,1,2,1
3604,1,1,1,1
3605,7,7,7,7
3606,5,5,5,5
3607,5,5,5,5
3608,1,1,1,1
3609,7,7,7,7
3610,6,7,6,6
3611,5,5,5,5
3612,1,2,2,2
3613,5,5,5,5
3614,1,1,1,1
3615,1,2,2,2
3616,5,5,5,5
3617,8,8,8,8
3618,1,1,2,1
3619,1,1,1,2
3620,1,1,1,1
3621,5,5,5,5
3622,5,5,5,5
3623,1,1,1,1
3624,7,7,7,7
3625,5,5,5,5
3626,1,1,1,1
3627,6,6,6,6
3628,5,5,5,5
3629,1,1,1,1
3630,1,1,1,1
3631,7,7,7,7
3632,2,2,2,2
3633,8,8,8,8
3634,5,5,5,5
3635,1,1,2,2
3636,5,5,5,5
3637,8,8,8,8
3638,6,6,6,6
3639,1,2,2,1
3640,1,1,1,1
3641,0,7,0,0
3642,7,7,6,6
3643,4,4,4,4
3644,8,8,8,0
3645,5,5,5,5
3646,5,5,5,5
3647,5,5,5,3
3648,2,1,1,1
3649,5,5,5,5
3650,7,7,7,7
3651,7,7,7,7
3652,2,2,2,1
3653,1,1,1,1
3654,1,1,1,2
3655,8,8,8,8
3656,1,2,2,2
3657,1,1,1,1
3658,5,5,5,5
3659,1,1,1,1
3660,1,1,1,2
3661,1,1,1,1
3662,5,5,5,5
3663,7,7,7,7
3664,5,5,5,5
3665,1,1,1,1
3666,7,7,7,7
3667,1,1,1,1
3668,7,7,7,7
3669,8,8,7,0
3670,4,4,4,4
3671,5,6,6,5
3672,1,1,1,1
3673,8,5,8,8
3674,1,2,1,2
3675,8,8,8,8
3676,1,1,1,1
3677,2,2,2,2
3678,1,1,1,1
3679,1,1,1,1
3680,1,2,1,1
3681,7,7,7,7
3682,1,1,1,1
3683,8,8,8,8
3684,5,5,5,5
3685,1,2,1,1
3686,4,4,4,4
3687,1,1,1,1
3688,1,1,1,2
3689,5,5,5,5
3690,1,1,1,1
3691,8,8,8,8
3692,7,7,7,7
3693,1,1,1,3
3694,5,5,5,5
3695,1,1,1,1
3696,1,1,1,1
3697,1,2,1,1
3698,1,2,2,1
3699,1,1,1,1
3700,7,7,7,7
3701,4,4,4,4
3702,1,1,6,1
3703,5,5,5,5
3704,1,2,1,1
3705,2,2,2,1
3706,1,2,2,2
3707,7,7,7,7
3708,7,7,7,7
3709,1,1,1,1
3710,8,8,8,8
3711,8,5,5,5
3712,1,2,2,1
3713,5,5,5,5
3714,1,1,1,1
3715,1,1,1,1
3716,1,1,1,1
3717,5,5,5,5
3718,4,4,4,4
3719,8,8,8,8
3720,5,5,5,5
3721,2,2,1,1
3722,5,5,5,5
3723,1,1,1,1
3724,1,1,1,2
3725,8,0,8,8
3726,1,2,1,1
3727,7,7,7,7
3728,1,1,1,1
3729,1,1,2,1
3730,4,4,4,4
3731,1,6,0,5
3732,2,3,3,2
3733,8,8,0,8
3734,1,2,2,2
3735,5,5,5,5
3736,7,7,7,7
3737,1,1,1,1
3738,8,8,8,8
3739,1,2,2,2
3740,8,5,8,5
3741,5,5,5,5
3742,7,7,7,7
3743,1,1,1,1
3744,1,1,1,1
3745,1,1,1,1
3746,0,0,0,0
3747,1,1,1,1
3748,6,6,6,6
3749,1,2,2,1
3750,0,5,0,0
3751,1,2,2,2
3752,4,8,8,4
3753,1,1,6,1
3754,1,1,1,1
3755,1,1,1,1
3756,2,2,2,2
3757,7,7,7,7
3758,1,1,1,1
3759,1,1,1,1
3760,5,5,5,5
3761,4,4,4,4
3762,1,1,2,1
3763,8,5,8,8
3764,5,5,5,5
3765,1,1,1,1
3766,5,5,5,5
3767,4,4,4,4
3768,1,2,2,1
3769,1,1,1,1
3770,5,5,5,5
3771,1,1,1,1
3772,1,1,2,2
3773,1,1,1,1
3774,7,7,7,7
3775,5,5,5,5
3776,5,5,5,5
3777,8,8,8,8
3778,5,5,5,5
3779,1,1,1,1
3780,5,5,5,5
3781,1,1,1,1
3782,1,1,1,1
3783,5,5,5,5
3784,5,5,5,5
3785,1,5,5,1
3786,7,7,0,7
3787,1,1,2,1
3788,1,1,1,1
3789,5,5,5,5
3790,0,0,0,0
3791,8,8,8,8
3792,5,5,5,5
3793,1,1,1,1
3794,2,2,2,1
3795,7,7,7,7
3796,1,1,1,1
3797,1,2,1,1
3798,5,5,5,5
3799,8,8,5,8
3800,8,8,8,8
3801,7,0,0,0
3802,5,5,5,5
3803,1,1,2,2
3804,7,7,7,7
3805,7,0,8,5
3806,1,1,5,6
3807,1,1,1,1
3808,1,1,1,1
3809,5,5,5,5
3810,8,8,8,8
3811,2,2,2,2
3812,7,7,7,7
3813,5,5,5,5
3814,1,2,2,1
3815,8,8,8,8
3816,5,5,5,5
3817,2,2,2,1
3818,1,1,1,1
3819,1,2,3,3
3820,1,6,6,6
3821,5,5,5,5
3822,1,1,1,1
3823,2,2,2,2
3824,4,4,4,4
3825,8,8,8,8
3826,1,1,1,1
3827,1,2,2,1
3828,2,2,2,2
3829,7,7,7,7
3830,0,0,0,0
3831,8,8,8,8
3832,1,1,1,1
3833,5,5,5,5
3834,1,1,1,1
3835,1,2,1,1
3836,1,1,1,1
3837,8,8,8,8
3838,6,4,6,6
3839,5,0,0,0
3840,1,1,1,1
3841,1,1,1,1
3842,2,1,1,2
3843,5,5,5,5
3844,1,1,2,2
3845,6,6,6,6
3846,1,1,1,1
3847,1,1,1,1
3848,2,1,1,1
3849,7,7,7,7
3850,7,7,7,7
3851,1,1,1,1
3852,1,1,1,1
3853,1,2,2,2
3854,1,1,1,1
3855,2,2,2,1
3856,6,6,6,6
3857,6,6,6,6
3858,5,5,5,5
3859,5,5,5,5
3860,1,2,1,1
3861,2,1,2,2
3862,7,7,7,7
3863,5,5,5,5
3864,7,7,7,7
3865,5,5,5,5
3866,6,6,6,6
3867,1,2,2,2
3868,1,1,1,1
3869,6,6,6,6
3870,1,1,1,1
3871,1,1,3,3
3872,0,0,0,0
3873,1,1,1,1
3874,4,4,4,4
3875,5,5,5,5
3876,1,1,1,1
3877,7,7,7,7
3878,1,1,2,1
3879,1,3,3,2
3880,1,2,2,1
3881,1,1,1,2
3882,8,8,8,8
3883,8,8,8,8
3884,1,1,2,2
3885,5,5,5,5
3886,5,5,5,5
3887,0,0,0,0
3888,7,5,5,5
3889,4,4,4,4
3890,1,1,1,1
3891,5,5,5,5
3892,8,8,8,8
3893,5,5,5,5
3894,1,1,1,2
3895,7,7,7,7
3896,5,8,8,8
3897,1,1,6,2
3898,7,7,7,7
3899,0,7,0,7
3900,1,1,1,1
3901,5,5,5,5
3902,1,2,2,2
3903,1,5,5,6
3904,8,8,8,8
3905,4,4,4,4
3906,1,1,1,1
3907,7,7,7,7
3908,1,1,1,1
3909,4,4,4,4
3910,7,7,0,0
3911,1,7,7,7
3912,1,2,6,1
3913,1,2,2,1
3914,4,4,4,4
3915,7,7,7,7
3916,7,7,7,7
3917,1,1,2,1
3918,7,7,7,7
3919,1,1,1,1
3920,1,2,1,2
3921,1,1,1,1
3922,5,5,5,5
3923,7,7,7,7
3924,1,1,1,1
3925,1,1,1,1
3926,2,2,2,2
3927,8,8,8,8
3928,1,1,1,1
3929,7,5,0,0
3930,1,1,1,2
3931,5,5,5,5
3932,1,1,1,1
3933,5,5,5,5
3934,1,1,1,1
3935,7,7,7,7
3936,5,5,5,5
3937,5,5,5,5
3938,8,8,8,8
3939,5,5,5,5
3940,1,2,2,1
3941,8,8,8,8
3942,1,1,1,1
3943,5,5,5,5
3944,1,1,1,1
3945,1,2,2,2
3946,5,5,5,5
3947,4,4,4,4
3948,5,5,5,5
3949,5,5,5,5
3950,7,7,7,7
3951,1,1,1,1
3952,5,5,5,5
3953,5,5,5,5
3954,7,7,7,7
3955,1,1,1,1
3956,1,7,7,7
3957,5,5,5,5
3958,1,1,1,1
3959,1,1,1,1
3960,1,2,2,2
3961,7,7,7,7
3962,8,8,8,8
3963,1,1,1,1
3964,4,4,4,4
3965,1,2,2,1
3966,1,1,1,1
3967,5,5,5,5
3968,8,8,1,8
3969,8,8,8,8
3970,8,8,8,8
3971,8,8,8,8
3972,1,1,1,1
3973,5,5,5,5
3974,1,3,3,3
3975,5,5,5,5
3976,4,4,4,4
3977,5,5,5,5
3978,5,5,5,5
3979,1,6,6,6
3980,5,5,5,5
3981,1,1,1,1
3982,1,1,1,1
3983,0,0,0,0
3984,6,5,6,5
3985,8,8,8,8
3986,7,7,7,7
3987,5,5,5,5
3988,5,5,5,5
3989,1,1,1,1
3990,7,7,7,7
3991,7,7,7,7
3992,6,2,2,2
3993,1,1,1,1
3994,1,2,2,2
3995,5,5,5,5
3996,1,1,1,1
3997,1,1,1,1
3998,5,5,5,5
3999,0,0,0,0
4000,2,2,2,2
4001,7,5,5,7
4002,1,1,1,1
4003,1,1,1,1
4004,2,7,1,1
4005,1,2,2,1
4006,1,1,1,1
4007,5,5,5,5
4008,5,5,5,5
4009,0,0,0,0
4010,5,5,5,5
4011,7,7,7,7
4012,7,7,7,7
4013,8,8,8,8
4014,5,5,5,5
4015,8,8,8,8
4016,1,1,1,1
4017,1,1,1,1
4018,5,5,5,5
4019,5,5,5,5
4020,6,6,6,6
4021,1,2,2,2
4022,1,1,1,1
4023,6,5,6,6
4024,8,8,8,8
4025,5,5,5,5
4026,1,1,2,1
4027,1,1,1,1
4028,1,1,1,1
4029,2,2,2,2
4030,4,4,4,4
4031,1,2,2,1
4032,1,1,1,1
4033,5,5,5,5
4034,1,1,1,1
4035,7,7,7,7
4036,1,1,1,1
4037,1,2,1,2
4038,5,5,5,5
4039,4,4,4,4
4040,2,2,2,2
4041,5,5,5,5
4042,1,1,2,2
4043,4,4,4,4
4044,1,1,1,1
4045,4,4,4,4
4046,5,5,5,5
4047,1,1,3,1
4048,5,5,5,5
4049,5,5,5,5
4050,5,5,5,5
4051,8,8,8,8
4052,5,5,5,5
4053,5,5,5,5
4054,1,1,2,2
4055,5,5,5,5
4056,1,1,1,1
4057,6,2,3,2
4058,5,5,5,5
4059,4,4,4,4
4060,7,7,7,5
4061,7,5,5,7
4062,1,6,6,4
4063,1,1,1,1
4064,2,2,2,2
4065,3,3,3,3
4066,2,2,1,2
4067,2,2,2,2
4068,1,1,1,1
4069,5,5,5,5
4070,1,1,1,1
4071,5,5,5,5
4072,7,7,7,7
4073,2,3,1,1
4074,3,5,5,3
4075,6,6,6,6
4076,5,5,5,5
4077,8,8,8,8
4078,6,6,6,6
4079,3,2,2,2
4080,1,1,1,1
4081,4,4,4,4
4082,5,5,5,5
4083,8,8,8,8
4084,1,1,1,1
4085,1,1,1,1
4086,7,7,7,7
4087,7,7,8,7
4088,4,4,4,4
4089,1,1,1,1
4090,5,5,5,5
4091,7,6,6,7
4092,1,1,1,1
4093,8,8,8,8
4094,2,1,1,2
4095,1,1,1,1
4096,7,7,7,7
4097,5,5,5,5
4098,1,2,2,2
4099,1,2,2,2
4100,1,1,1,1
4101,5,5,5,5
4102,5,5,5,5
4103,1,1,1,1
4104,2,0,5,1
4105,1,1,1,1
4106,8,8,8,8
4107,1,2,2,2
4108,6,6,6,6
4109,1,2,1,2
4110,4,4,4,4
4111,2,2,2,2
4112,7,7,7,7
4113,1,2,2,2
4114,6,6,6,6
4115,4,4,4,4
4116,4,4,4,4
4117,2,2,2,2
4118,5,5,5,5
4119,1,2,2,2
4120,4,4,4,4
4121,7,7,7,7
4122,1,1,1,1
4123,7,5,7,7
4124,1,1,1,1
4125,5,5,5,5
4126,2,2,2,2
4127,7,7,7,7
4128,1,2,2,1
4129,5,5,5,5
4130,1,2,1,1
4131,1,2,1,1
4132,1,1,1,1
4133,1,1,1,1
4134,1,1,2,1
4135,1,1,1,1
4136,8,8,8,8
4137,7,7,7,7
4138,1,1,1,2
4139,1,1,1,1
4140,7,7,7,7
4141,1,1,1,1
4142,1,2,2,2
4143,1,1,1,1
4144,1,1,1,1
4145,6,7,6,6
4146,1,1,1,1
4147,5,5,5,5
4148,1,1,1,1
4149,2,2,2,2
4150,1,2,1,1
4151,5,5,5,5
4152,7,6,6,6
4153,1,1,1,1
4154,5,5,5,5
4155,1,1,1,1
4156,0,5,0,5
4157,5,5,5,5
4158,1,2,2,1
4159,5,5,5,5
4160,7,7,7,7
4161,2,1,2,2
4162,7,7,7,6
4163,7,7,7,7
4164,5,5,5,5
4165,7,7,7,7
4166,7,7,7,7
4167,6,6,6,6
4168,7,7,7,7
4169,5,5,5,5
4170,5,5,5,5
4171,3,1,2,1
4172,1,1,1,1
4173,1,1,2,2
4174,2,1,2,2
4175,7,7,7,7
4176,7,7,7,7
4177,1,2,2,2
4178,1,1,1,1
4179,8,8,8,8
4180,7,7,7,7
4181,8,0,0,0
4182,7,7,7,7
4183,3,3,3,1
4184,7,7,7,7
4185,5,5,5,5
4186,5,5,5,5
4187,5,5,5,5
4188,6,2,2,1
4189,1,1,1,1
4190,1,3,1,1
4191,1,1,1,1
4192,2,1,1,1
4193,1,1,1,1
4194,1,1,1,1
4195,1,1,1,1
4196,5,5,5,5
4197,7,7,5,7
4198,1,1,2,2
4199,7,7,5,7
4200,2,2,1,1
4201,5,5,5,5
4202,1,1,2,6
4203,5,5,5,5
4204,7,7,7,7
4205,5,5,5,5
4206,1,1,1,1
4207,7,7,7,7
4208,1,1,1,1
4209,5,5,5,5
4210,7,7,7,7
4211,5,5,5,5
4212,5,5,5,5
4213,0,0,0,0
4214,1,5,5,5
4215,1,1,1,1
4216,1,1,1,1
4217,2,2,2,2
4218,5,5,5,5
4219,1,1,1,1
4220,0,7,0,0
4221,0,7,0,0
4222,2,7,7,7
4223,5,5,5,5
4224,6,6,6,2
4225,1,2,1,1
4226,6,6,6,6
4227,5,5,5,5
4228,1,1,1,1
4229,7,7,7,7
4230,1,1,1,1
4231,1,1,1,1
4232,5,5,5,5
4233,1,5,6,6
4234,6,6,6,6
4235,5,5,5,5
4236,4,4,4,4
4237,7,7,7,7
4238,7,7,7,7
4239,4,4,4,4
4240,1,7,7,7
4241,5,5,5,5
4242,1,1,1,1
4243,5,5,5,5
4244,1,1,1,1
4245,6,6,6,6
4246,1,1,1,1
4247,1,1,2,1
4248,6,6,6,6
4249,1,1,1,1
4250,1,1,1,1
4251,1,1,1,1
4252,5,5,5,5
4253,1,1,1,1
4254,3,3,3,3
4255,4,4,4,4
4256,1,1,1,1
4257,7,7,7,7
4258,1,0,6,6
4259,1,1,1,1
4260,1,1,1,1
4261,1,1,1,1
4262,5,5,5,5
4263,1,2,1,2
4264,7,0,8,7
4265,4,4,4,4
4266,5,5,5,5
4267,8,8,8,8
4268,5,5,5,5
4269,7,7,7,7
4270,1,1,1,1
4271,1,1,1,1
4272,5,5,5,5
4273,1,1,2,1
4274,7,7,7,5
4275,1,1,1,1
4276,5,5,5,5
4277,8,8,8,8
4278,5,5,5,5
4279,1,1,1,2
4280,5,5,5,5
4281,1,1,1,1
4282,1,8,8,8
4283,5,5,5,5
4284,1,5,0,0
4285,8,8,8,8
4286,4,4,4,4
4287,2,2,1,1
4288,6,6,6,6
4289,5,5,5,5
4290,5,5,5,5
4291,5,5,5,5
4292,5,5,5,5
4293,6,5,5,6
4294,1,2,1,1
4295,1,1,1,1
4296,6,2,6,6
4297,5,5,5,5
4298,5,5,5,5
4299,5,5,5,5
4300,7,7,7,7
4301,1,1,1,1
4302,1,3,1,2
4303,2,2,2,2
4304,1,1,1,1
4305,5,5,5,5
4306,5,5,5,5
4307,1,1,1,1
4308,8,8,8,8
4309,5,5,5,5
4310,1,1,1,1
4311,8,8,8,8
4312,6,6,6,6
4313,5,5,5,5
4314,1,1,1,1
4315,5,5,5,5
4316,4,4,4,4
4317,1,2,1,2
4318,1,2,2,2
4319,7,7,7,7
4320,5,5,5,5
4321,8,7,7,7
4322,5,5,5,5
4323,4,4,4,4
4324,2,1,1,1
4325,1,6,6,6
4326,1,1,1,1
4327,4,4,4,4
4328,0,7,7,7
4329,6,6,6,6
4330,1,1,1,1
4331,8,0,0,0
4332,4,8,4,4
4333,2,2,2,2
4334,7,7,7,7
4335,7,7,7,7
4336,1,1,1,1
4337,7,7,7,7
4338,7,7,7,7
4339,7,7,7,7
4340,1,2,1,1
4341,1,2,2,1
4342,6,6,6,5
4343,7,7,7,7
4344,8,8,8,8
4345,5,5,5,5
4346,1,1,1,0
4347,5,5,5,5
4348,1,1,1,1
4349,6,6,6,6
4350,5,3,3,3
4351,4,4,4,4
4352,5,5,5,5
4353,5,5,5,5
4354,7,7,7,7
4355,1,1,1,2
4356,1,1,2,1
4357,7,7,7,7
4358,1,1,1,1
4359,1,2,2,2
4360,7,8,8,8
4361,1,1,2,1
4362,7,7,7,7
4363,1,1,2,1
4364,1,1,1,1
4365,7,8,8,7
4366,1,6,6,6
4367,1,1,6,2
4368,1,1,1,1
4369,8,8,8,8
4370,1,1,1,1
4371,7,7,7,7
4372,1,1,1,1
4373,5,7,7,5
4374,5,5,5,5
4375,1,1,1,2
4376,1,1,1,1
4377,8,8,8,8
4378,7,7,7,7
4379,7,7,7,7
4380,7,7,7,7
4381,7,7,7,7
4382,1,1,1,1
4383,1,2,2,2
4384,1,1,1,1
4385,8,8,8,8
4386,1,2,2,2
4387,5,5,5,5
4388,1,1,1,1
4389,4,4,4,4
4390,5,8,8,8
4391,2,1,1,1
4392,8,8,8,8
4393,1,1,1,1
4394,7,7,7,7
4395,1,2,1,1
4396,7,7,7,7
4397,5,5,5,5
4398,1,1,1,1
4399,5,5,5,5
4400,8,8,8,8
4401,8,8,8,8
4402,5,5,5,5
4403,1,2,1,1
4404,1,1,1,1
4405,5,5,5,5
4406,1,1,1,1
4407,5,5,5,5
4408,1,1,1,1
4409,5,5,5,5
4410,2,2,6,1
4411,1,1,1,1
4412,1,1,1,3
4413,5,5,5,5
4414,5,7,7,7
4415,7,7,7,5
4416,5,5,5,5
4417,7,7,7,7
4418,1,1,1,1
4419,1,1,1,1
4420,5,0,0,0
4421,1,1,1,1
4422,1,1,1,1
4423,6,6,6,6
4424,2,1,1,1
4425,5,5,5,5
4426,7,7,7,7
4427,5,5,5,5
4428,6,6,6,6
4429,8,8,8,8
4430,1,1,1,1
4431,7,7,7,7
4432,1,1,1,1
4433,5,5,5,5
4434,1,2,2,2
4435,1,0,0,0
4436,1,1,1,1
4437,5,5,5,5
4438,5,5,5,5
4439,6,2,2,3
4440,6,0,6,6
4441,6,7,6,6
4442,8,8,0,8
4443,1,1,1,1
4444,8,8,8,8
4445,5,5,5,5
4446,5,5,5,5
4447,5,5,5,5
4448,7,7,7,7
4449,5,5,5,5
4450,2,2,2,2
4451,1,1,1,1
4452,1,1,1,1
4453,7,7,7,7
4454,1,1,1,1
4455,2,2,2,2
4456,7,7,7,7
4457,7,7,7,7
4458,8,8,8,8
4459,1,1,1,1
4460,5,5,5,5
4461,5,5,5,5
4462,7,7,7,7
4463,2,1,1,1
4464,7,7,7,7
4465,4,4,4,4
4466,7,7,7,7
4467,8,8,8,8
4468,5,5,5,5
4469,8,8,8,8
4470,3,3,1,1
4471,5,5,5,5
4472,1,1,1,1
4473,8,8,8,8
4474,1,1,1,1
4475,5,5,5,5
4476,1,1,1,1
4477,7,7,7,7
4478,6,6,6,6
4479,1,6,6,6
4480,5,5,5,5
4481,1,1,3,1
4482,8,8,8,8
4483,1,1,1,1
4484,7,7,7,7
4485,7,7,7,7
4486,6,6,6,6
4487,1,1,1,1
4488,1,1,1,1
4489,1,1,1,1
4490,7,7,7,7
4491,4,4,4,4
4492,1,1,1,1
4493,1,2,2,2
4494,8,8,8,8
4495,1,1,1,1
4496,1,1,1,1
4497,5,5,5,5
4498,7,7,7,7
4499,2,2,2,2
4500,5,5,5,5
4501,1,2,2,2
4502,4,4,4,4
4503,1,1,1,1
4504,2,2,2,3
4505,1,1,1,1
4506,5,5,5,5
4507,1,1,6,6
4508,1,1,1,1
4509,5,5,5,5
4510,1,2,2,1
4511,1,2,2,2
4512,7,7,7,7
4513,1,8,8,8
4514,5,5,5,5
4515,5,5,5,5
4516,7,7,7,7
4517,8,8,8,8
4518,1,3,3,1
4519,7,7,7,7
4520,7,7,7,8
4521,1,1,1,1
4522,5,5,5,5
4523,7,7,7,7
4524,1,5,6,6
4525,1,1,2,2
4526,6,7,6,6
4527,4,4,4,4
4528,1,1,1,1
4529,1,1,1,1
4530,1,1,1,1
4531,1,1,1,1
4532,8,8,8,8
4533,1,2,2,1
4534,1,2,1,1
4535,1,1,1,1
4536,7,7,0,0
4537,8,8,8,8
4538,7,7,5,7
4539,1,1,1,1
4540,5,5,5,5
4541,1,1,1,1
4542,4,4,4,4
4543,4,4,4,4
4544,4,4,4,4
4545,1,1,1,1
4546,1,1,1,1
4547,1,1,1,1
4548,5,7,7,7
4549,7,7,7,7
4550,2,2,2,2
4551,1,1,1,1
4552,1,1,1,1
4553,7,7,7,7
4554,5,5,5,5
4555,1,2,2,1
4556,4,4,4,4
4557,1,1,1,2
4558,7,7,7,7
4559,6,6,6,6
4560,1,2,1,1
4561,7,5,7,7
4562,4,4,4,4
4563,0,6,6,6
4564,7,5,5,5
4565,1,1,1,1
4566,6,6,6,6
4567,7,7,7,7
4568,5,5,5,5
4569,5,5,5,5
4570,5,5,5,5
4571,1,1,1,1
4572,2,2,1,1
4573,7,7,7,7
4574,5,5,5,5
4575,1,2,2,1
4576,6,7,6,6
4577,1,2,6,6
4578,1,1,1,1
4579,1,1,1,1
4580,8,8,8,8
4581,5,5,5,5
4582,7,7,7,7
4583,5,5,5,3
4584,5,7,7,7
4585,1,1,1,1
4586,2,2,2,2
4587,1,1,2,1
4588,1,1,2,1
4589,1,1,1,1
4590,1,1,1,1
4591,1,2,2,1
4592,1,1,1,1
4593,1,3,3,3
4594,4,4,4,4
4595,1,1,2,2
4596,7,7,7,7
4597,1,1,1,1
4598,1,1,1,1
4599,1,2,2,2
4600,2,1,6,2
4601,1,1,1,1
4602,7,7,7,7
4603,1,1,1,1
4604,1,2,2,1
4605,7,7,7,7
4606,5,5,5,5
4607,1,1,1,1
4608,1,1,1,2
4609,7,7,5,7
4610,1,1,1,1
4611,5,5,5,5
4612,1,1,1,1
4613,7,7,7,7
4614,6,6,6,6
4615,1,1,3,3
4616,8,8,8,8
4617,2,6,6,6
4618,1,2,1,1
4619,2,2,2,2
4620,7,7,7,7
4621,1,2,2,2
4622,8,0,8,8
4623,8,5,5,8
4624,5,5,5,5
4625,4,4,4,4
4626,1,1,1,1
4627,7,7,7,7
4628,8,8,8,8
4629,7,7,7,7
4630,4,4,4,4
4631,1,1,1,1
4632,7,7,7,7
4633,1,1,1,1
4634,1,1,1,1
4635,1,1,1,1
4636,1,1,1,1
4637,8,8,8,8
4638,1,1,2,1
4639,2,2,2,2
4640,5,5,5,5
4641,5,6,6,5
4642,7,7,7,7
4643,3,3,3,3
4644,5,5,5,5
4645,1,1,1,1
4646,7,7,7,7
4647,1,3,3,3
4648,0,7,0,0
4649,8,8,8,8
4650,4,4,4,4
4651,1,1,1,1
4652,1,1,1,1
4653,1,1,1,1
4654,7,2,1,1
4655,8,8,8,8
4656,1,1,1,1
4657,1,1,1,1
4658,1,2,2,2
4659,3,3,3,3
4660,8,8,8,8
4661,8,8,8,8
4662,4,4,4,4
4663,7,7,7,7
4664,1,2,2,1
4665,1,2,2,2
4666,1,1,1,1
4667,5,5,5,5
4668,1,1,1,1
4669,7,7,7,7
4670,5,5,5,5
4671,5,5,5,5
4672,6,6,6,6
4673,7,5,7,7
4674,1,1,1,1
4675,1,6,6,6
4676,2,1,1,1
4677,6,6,6,6
4678,1,1,1,2
4679,8,8,8,8
4680,7,7,5,5
4681,7,7,7,7
4682,5,5,5,5
4683,7,7,7,7
4684,5,5,5,5
4685,2,1,2,2
4686,5,5,5,5
4687,2,2,2,2
4688,5,5,5,5
4689,5,5,5,5
4690,5,5,5,5
4691,1,2,1,1
4692,2,1,1,1
4693,1,1,1,1
4694,1,2,2,1
4695,1,1,1,1
4696,1,1,1,1
4697,5,5,5,5
4698,5,5,5,5
4699,5,5,5,5
4700,5,5,5,5
4701,7,7,7,7
4702,5,5,5,5
4703,2,2,2,2
4704,2,2,2,2
4705,1,1,1,1
4706,1,2,3,3
4707,5,5,5,5
4708,7,7,7,7
4709,7,7,7,7
4710,8,2,8,1
4711,1,1,1,1
4712,4,4,4,4
4713,1,1,1,1
4714,1,2,2,2
4715,2,2,2,2
4716,5,3,3,3
4717,7,7,7,7
4718,7,0,0,0
4719,1,1,1,1
4720,1,1,1,1
4721,1,1,1,1
4722,8,8,8,8
4723,7,7,7,7
4724,5,5,5,5
4725,7,7,7,7
4726,6,2,1,2
4727,1,2,2,1
4728,1,2,2,2
4729,1,1,1,1
4730,1,2,2,2
4731,4,4,4,4
4732,7,7,7,7
4733,6,2,6,6
4734,1,1,2,1
4735,2,6,6,6
4736,6,1,6,6
4737,1,1,1,1
4738,5,5,5,5
4739,7,0,0,0
4740,7,7,7,7
4741,1,1,1,1
4742,7,7,7,7
4743,5,5,5,5
4744,2,2,2,2
4745,5,5,5,5
4746,7,7,7,7
4747,1,1,2,1
4748,2,1,1,1
4749,5,5,5,5
4750,2,1,1,2
4751,5,5,5,5
4752,8,8,8,8
4753,1,2,1,1
4754,4,4,4,4
4755,8,5,5,5
4756,7,7,7,7
4757,7,7,7,7
4758,4,4,4,4
4759,5,5,5,5
4760,4,4,4,4
4761,4,4,4,4
4762,1,1,1,1
4763,4,4,4,4
4764,5,5,5,5
4765,7,7,7,7
4766,1,1,1,1
4767,5,5,5,5
4768,8,8,8,8
4769,1,1,1,1
4770,2,1,1,1
4771,1,1,4,1
4772,8,8,8,8
4773,5,5,5,5
4774,1,1,1,1
4775,5,5,8,5
4776,2,2,2,2
4777,2,2,2,1
4778,2,1,1,1
4779,5,5,5,5
4780,1,1,1,1
4781,1,1,1,1
4782,7,7,7,7
4783,5,5,6,5
4784,1,8,8,8
4785,1,1,1,1
4786,1,3,1,1
4787,4,4,4,4
4788,1,1,2,1
4789,1,1,1,1
4790,0,0,5,0
4791,4,4,4,4
4792,7,7,7,7
4793,7,7,7,7
4794,1,1,1,1
4795,7,7,7,7
4796,1,2,2,2
4797,2,1,1,1
4798,7,7,7,7
4799,1,2,1,3
4800,7,7,7,7
4801,7,7,7,7
4802,7,7,7,7
4803,1,1,1,1
4804,1,1,1,1
4805,5,5,5,5
4806,1,2,2,1
4807,4,4,4,4
4808,2,2,2,2
4809,4,4,4,4
4810,1,1,2,1
4811,2,6,2,1
4812,1,1,1,1
4813,7,7,7,7
4814,5,5,5,5
4815,4,4,4,4
4816,5,5,5,5
4817,8,8,8,0
4818,1,3,3,3
4819,7,7,7,7
4820,1,1,1,1
4821,7,7,7,7
4822,1,1,1,1
4823,1,1,1,1
4824,1,1,1,1
4825,1,1,1,1
4826,8,8,8,8
4827,1,2,2,2
4828,1,1,1,1
4829,5,5,5,5
4830,1,2,2,1
4831,8,8,8,8
4832,1,8,8,8
4833,8,8,8,8
4834,1,2,2,2
4835,7,7,8,7
4836,7,7,7,7
4837,8,0,0,0
4838,7,7,7,7
4839,6,6,6,1
4840,5,5,5,5
4841,4,4,4,4
4842,0,7,0,0
4843,1,1,1,1
4844,2,1,1,1
4845,5,5,5,5
4846,5,5,5,1
4847,1,1,3,1
4848,8,8,8,8
4849,8,5,8,8
4850,5,5,5,5
4851,1,1,4,4
4852,7,7,7,7
4853,1,1,6,6
4854,1,2,2,1
4855,5,5,5,5
4856,1,1,1,1
4857,2,2,2,2
4858,6,2,1,6
4859,5,5,5,5
4860,8,8,8,8
4861,1,3,3,1
4862,1,1,1,1
4863,7,7,7,7
4864,5,5,5,5
4865,5,5,5,5
4866,5,5,5,5
4867,7,7,7,7
4868,5,5,5,5
4869,7,7,7,7
4870,5,5,5,5
4871,2,2,2,2
4872,5,5,5,5
4873,0,0,0,0
4874,1,1,1,1
4875,1,1,1,1
4876,1,1,1,1
4877,1,1,1,1
4878,1,5,5,5
4879,5,5,5,5
4880,7,7,7,7
4881,2,2,1,1
4882,7,7,7,7
4883,6,6,6,0
4884,1,2,2,2
4885,1,1,1,1
4886,1,1,3,3
4887,5,5,6,5
4888,6,6,6,6
4889,1,1,1,3
4890,5,5,5,5
4891,5,5,5,5
4892,7,7,7,7
4893,1,1,1,1
4894,4,4,4,4
4895,5,5,5,5
4896,1,1,1,1
4897,5,5,5,5
4898,1,1,1,1
4899,8,8,8,8
4900,2,1,1,2
4901,5,5,5,5
4902,1,1,1,1
4903,7,7,7,7
4904,1,1,1,1
4905,1,1,1,1
4906,7,7,7,6
4907,5,5,5,5
4908,1,1,1,1
4909,1,1,1,1
4910,2,2,2,2
4911,2,2,2,2
4912,5,8,5,5
4913,5,5,5,5
4914,1,1,1,1
4915,5,5,5,5
4916,5,5,5,5
4917,1,1,1,1
4918,1,1,2,2
4919,4,4,4,4
4920,1,2,2,2
4921,1,1,2,2
4922,5,5,5,5
4923,1,1,1,1
4924,8,8,8,8
4925,5,5,5,5
4926,1,1,1,1
4927,0,8,0,0
4928,5,5,5,8
4929,8,8,8,8
4930,1,1,1,2
4931,1,1,1,1
4932,4,4,4,4
4933,1,1,1,1
4934,1,6,6,6
4935,7,7,6,6
4936,1,1,1,1
4937,8,8,8,8
4938,1,8,8,0
4939,8,8,8,8
4940,7,7,7,7
4941,7,7,7,7
4942,1,1,1,1
4943,1,2,2,2
4944,1,5,0,0
4945,5,5,5,5
4946,4,4,4,4
4947,7,7,7,7
4948,4,4,4,4
4949,1,1,1,1
4950,1,1,1,1
4951,1,1,1,1
4952,8,8,8,8
4953,7,7,7,7
4954,1,1,1,1
4955,1,1,1,1
4956,5,5,5,5
4957,1,1,2,2
4958,2,2,2,1
4959,5,5,5,5
4960,2,2,2,2
4961,1,1,1,1
4962,1,1,1,1
4963,4,4,4,4
4964,1,1,1,1
4965,5,5,5,5
4966,4,4,4,4
4967,8,8,8,8
4968,7,7,7,7
4969,7,7,7,7
4970,2,1,1,1
4971,7,7,7,7
4972,5,5,5,5
4973,7,7,7,7
4974,1,8,8,8
4975,1,1,1,1
4976,5,5,5,5
4977,1,1,1,1
4978,2,2,2,2
4979,7,4,4,4
4980,7,7,7,7
4981,4,4,4,4
4982,6,6,6,6
4983,1,2,2,1
4984,7,7,7,7
4985,1,1,1,1
4986,5,5,5,5
4987,5,5,5,5
4988,1,1,1,1
4989,1,1,1,2
4990,5,5,5,5
4991,7,6,6,6
4992,2,2,6,2
4993,6,6,6,6
4994,7,7,7,7
4995,1,1,1,1
4996,1,1,1,1
4997,8,8,8,8
4998,5,5,5,5
4999,7,7,7,7
5000,7,7,7,7
5001,7,7,7,7
5002,1,1,1,1
5003,1,1,1,1
5004,5,5,5,5
5005,7,7,7,7
5006,7,7,7,7
5007,5,5,5,5
5008,5,5,5,5
5009,6,6,6,6
5010,1,1,1,1
5011,7,7,7,7
5012,1,1,1,1
5013,2,2,2,2
5014,8,8,8,0
5015,1,2,1,2
5016,7,7,0,7
5017,4,4,4,4
5018,1,1,1,1
5019,8,8,8,5
5020,1,1,1,1
5021,8,8,8,8
5022,5,5,5,5
5023,7,7,7,7
5024,5,5,5,5
5025,5,5,5,5
5026,5,5,5,5
5027,1,1,1,1
5028,1,1,1,1
5029,5,7,5,5
5030,1,1,1,1
5031,7,7,7,7
5032,1,1,1,1
5033,7,7,7,7
5034,1,2,2,2
5035,1,1,1,2
5036,4,4,4,4
5037,7,7,7,7
5038,7,7,7,7
5039,1,1,1,1
5040,5,5,5,5
5041,1,1,1,1
5042,2,2,2,2
5043,8,8,8,8
5044,5,5,5,5
5045,5,5,5,5
5046,5,5,5,5
5047,1,1,1,1
5048,7,7,7,7
5049,1,1,1,1
5050,6,6,6,5
5051,3,3,3,3
5052,1,1,1,1
5053,5,5,5,5
5054,5,5,5,5
5055,5,6,6,6
5056,7,7,7,7
5057,7,7,7,7
5058,1,1,1,1
5059,1,1,1,1
5060,5,5,5,5
5061,8,8,8,8
5062,7,7,7,7
5063,1,1,3,1
5064,1,1,1,1
5065,8,8,8,8
5066,1,1,1,1
5067,8,8,8,8
5068,5,5,5,5
5069,1,1,1,1
5070,1,2,1,1
5071,1,1,1,1
5072,5,5,5,5
5073,1,2,2,2
5074,4,4,4,4
5075,1,1,1,1
5076,1,5,4,5
5077,2,2,2,2
5078,5,5,5,5
5079,1,1,1,1
5080,2,2,2,2
5081,7,7,7,7
5082,1,2,2,1
5083,7,7,7,7
5084,1,1,1,1
5085,1,1,1,1
5086,4,4,4,4
5087,1,1,1,1
5088,1,1,1,1
5089,5,5,5,5
5090,5,5,5,5
5091,5,5,5,5
5092,1,1,1,1
5093,1,1,1,1
5094,5,5,5,5
5095,1,1,1,1
5096,2,1,2,2
5097,5,5,5,5
5098,1,1,2,2
5099,7,7,7,7
5100,7,7,7,7
5101,5,5,5,5
5102,7,7,7,7
5103,2,2,2,1
5104,1,1,2,1
5105,1,1,1,1
5106,5,5,5,5
5107,2,2,2,2
5108,5,5,5,5
5109,1,1,1,1
5110,6,6,6,6
5111,2,1,1,1
5112,7,7,7,7
5113,8,8,8,8
5114,2,2,2,2
5115,1,1,1,1
5116,1,1,1,1
5117,1,1,1,2
5118,4,4,4,4
5119,4,4,4,4
5120,2,1,2,2
5121,5,5,5,5
5122,8,8,8,8
5123,1,1,1,1
5124,5,5,5,5
5125,5,5,5,5
5126,1,1,1,1
5127,8,8,8,8
5128,5,7,7,7
5129,1,2,2,1
5130,6,6,6,6
5131,7,7,7,7
5132,1,1,1,1
5133,1,1,1,1
5134,1,1,1,1
5135,5,5,5,5
5136,1,1,1,1
5137,5,5,5,5
5138,1,2,1,1
5139,8,8,8,8
5140,8,8,8,8
5141,5,5,5,5
5142,0,0,6,0
5143,5,5,5,6
5144,0,7,7,0
5145,1,1,1,1
5146,1,1,1,1
5147,1,1,2,1
5148,7,7,7,7
5149,5,7,7,7
5150,5,5,5,5
5151,7,7,0,0
5152,5,5,5,5
5153,5,5,5,5
5154,1,1,2,2
5155,1,2,2,2
5156,8,8,8,8
5157,1,2,1,1
5158,1,1,1,1
5159,1,1,1,1
5160,8,8,8,8
5161,1,1,2,2
5162,1,1,1,1
5163,6,6,6,6
5164,1,1,1,1
5165,7,7,7,7
5166,1,0,0,0
5167,8,8,8,8
5168,5,5,5,5
5169,5,5,5,5
5170,1,1,1,1
5171,1,1,1,1
5172,6,6,6,6
5173,1,1,1,1
5174,1,5,5,5
5175,5,5,5,5
5176,1,1,1,1
5177,1,1,1,2
5178,7,7,7,7
5179,5,5,5,5
5180,5,5,0,5
5181,1,1,1,1
5182,5,5,5,5
5183,1,1,1,1
5184,7,7,7,7
5185,7,7,7,7
5186,1,1,1,1
5187,7,7,7,7
5188,1,1,2,1
5189,7,7,7,7
5190,5,5,5,5
5191,0,7,8,0
5192,8,7,8,8
5193,5,5,8,5
5194,1,3,3,1
5195,1,1,1,1
5196,7,8,7,8
5197,1,1,1,1
5198,8,8,8,8
5199,5,5,5,5
5200,5,5,5,5
5201,2,1,1,2
5202,1,1,1,1
5203,5,5,5,5
5204,5,5,5,5
5205,1,1,1,2
5206,1,1,1,1
5207,0,5,0,0
5208,1,1,1,1
5209,8,8,8,8
5210,2,7,6,2
5211,5,5,5,5
5212,8,8,8,8
5213,3,3,3,3
5214,5,5,5,5
5215,4,4,4,4
5216,6,6,3,6
5217,5,5,5,5
5218,5,5,5,5
5219,2,2,2,2
5220,1,1,1,2
5221,7,7,7,6
5222,1,1,1,1
5223,1,1,1,1
5224,7,8,8,8
5225,4,4,4,4
5226,4,0,4,4
5227,8,8,8,8
5228,1,1,1,1
5229,5,5,5,5
5230,7,7,7,7
5231,7,7,7,7
5232,8,8,8,8
5233,0,7,0,0
5234,1,1,1,1
5235,4,4,4,4
5236,1,1,1,1
5237,7,7,7,7
5238,1,1,1,1
5239,1,2,2,2
5240,2,3,3,1
5241,1,1,1,1
5242,1,1,1,1
5243,5,5,5,0
5244,7,7,7,7
5245,1,1,1,1
5246,5,5,5,5
5247,6,1,6,6
5248,1,1,1,1
5249,2,1,1,1
5250,1,1,1,1
5251,2,1,1,2
5252,6,5,5,0
5253,0,8,0,0
5254,2,2,2,2
5255,5,5,5,5
5256,2,1,2,1
5257,5,5,5,5
5258,7,7,7,7
5259,1,1,1,1
5260,5,5,5,5
5261,5,5,5,5
5262,2,1,1,1
5263,1,1,1,1
5264,5,5,5,5
5265,1,2,2,2
5266,1,3,3,1
5267,8,8,8,8
5268,4,4,4,4
5269,6,6,6,6
5270,5,5,5,5
5271,1,1,1,2
5272,5,5,5,5
5273,5,5,5,5
5274,0,0,0,0
5275,5,5,5,5
5276,7,7,7,7
5277,5,5,5,5
5278,1,1,1,1
5279,7,7,7,7
5280,5,7,5,5
5281,8,8,8,8
5282,0,0,0,0
5283,1,2,1,1
5284,5,5,5,5
5285,7,7,7,7
5286,1,2,2,2
5287,1,1,1,1
5288,7,7,7,7
5289,5,5,5,5
5290,1,1,1,1
5291,5,5,5,5
5292,7,7,7,7
5293,5,5,5,5
5294,7,7,7,7
5295,5,5,5,5
5296,5,5,5,5
5297,1,1,1,1
5298,5,5,5,5
5299,5,5,5,5
5300,1,1,1,1
5301,7,7,7,7
5302,8,8,8,8
5303,1,2,1,1
5304,5,5,5,5
5305,5,3,3,3
5306,8,8,8,8
5307,1,2,2,1
5308,5,5,5,5
5309,1,1,4,1
5310,5,5,5,5
5311,7,7,7,7
5312,2,3,3,3
5313,7,7,7,7
5314,5,5,5,5
5315,4,4,4,4
5316,1,3,3,3
5317,1,1,1,1
5318,1,1,1,1
5319,1,1,1,1
5320,7,7,7,7
5321,7,7,7,7
5322,1,1,1,1
5323,1,1,1,1
5324,5,5,5,5
5325,5,5,5,5
5326,6,0,0,6
5327,0,0,0,0
5328,8,8,8,8
5329,1,1,1,1
5330,6,6,6,6
5331,5,5,5,5
5332,5,5,5,5
5333,1,3,3,3
5334,1,1,1,2
5335,7,7,7,7
5336,7,7,0,7
5337,7,7,7,7
5338,7,7,7,7
5339,1,2,2,1
5340,5,5,5,5
5341,1,1,1,2
5342,1,3,3,3
5343,5,5,5,5
5344,5,6,0,6
5345,2,1,2,1
5346,5,5,5,5
5347,1,0,0,0
5348,1,1,1,1
5349,7,7,7,7
5350,7,7,7,7
5351,0,0,0,0
5352,5,5,5,5
5353,7,7,7,7
5354,5,5,5,5
5355,8,8,0,8
5356,8,8,8,8
5357,5,5,5,5
5358,1,1,1,2
5359,1,2,2,2
5360,4,4,4,4
5361,8,8,8,8
5362,1,1,1,1
5363,8,5,8,8
5364,1,1,1,1
5365,5,5,5,5
5366,7,7,7,7
5367,7,7,7,7
5368,1,1,1,1
5369,4,4,4,4
5370,4,4,4,4
5371,8,0,0,8
5372,2,2,2,2
5373,5,5,5,5
5374,1,4,7,7
5375,4,4,4,4
5376,1,5,5,5
5377,6,6,1,7
5378,6,6,6,6
5379,1,3,3,2
5380,5,5,5,5
5381,4,4,4,4
5382,7,7,7,7
5383,0,0,6,0
5384,1,8,1,1
5385,1,1,1,1
5386,1,1,1,1
5387,5,5,5,5
5388,5,5,5,5
5389,5,5,5,5
5390,1,1,1,1
5391,8,8,8,8
5392,5,5,5,5
5393,7,7,7,7
5394,1,1,1,1
5395,1,3,2,2
5396,1,1,1,1
5397,7,7,7,7
5398,8,0,0,0
5399,4,4,4,4
5400,1,1,2,1
5401,4,4,4,4
5402,5,5,5,5
5403,5,5,5,5
5404,8,8,8,8
5405,8,8,8,8
5406,1,1,1,2
5407,1,2,1,1
5408,8,8,8,8
5409,7,7,7,7
5410,7,7,7,7
5411,1,1,1,4
5412,1,1,1,1
5413,1,1,1,1
5414,7,7,7,7
5415,1,1,1,1
5416,7,7,7,7
5417,8,8,8,8
5418,5,5,5,5
5419,7,8,8,8
5420,5,5,5,5
5421,1,1,1,1
5422,7,7,7,7
5423,3,3,3,3
5424,8,8,8,8
5425,4,4,4,4
5426,5,5,5,5
5427,1,1,1,1
5428,1,1,2,1
5429,7,7,7,7
5430,5,5,5,5
5431,8,8,8,8
5432,1,1,1,1
5433,5,5,5,5
5434,2,2,2,6
5435,7,7,7,7
5436,1,1,1,1
5437,1,1,1,1
5438,5,5,5,5
5439,0,0,0,0
5440,5,5,5,5
5441,8,8,8,8
5442,5,5,5,5
5443,1,1,1,2
5444,1,1,1,2
5445,1,1,2,2
5446,1,1,1,1
5447,1,2,2,1
5448,1,2,1,1
5449,5,5,5,5
5450,5,5,5,5
5451,5,5,5,5
5452,5,5,5,5
5453,2,1,2,1
5454,1,1,1,1
5455,3,3,3,3
5456,1,1,1,1
5457,5,5,5,5
5458,8,8,0,8
5459,1,1,1,1
5460,1,1,1,1
5461,1,1,1,1
5462,1,1,1,1
5463,7,7,7,7
5464,1,1,1,1
5465,7,7,7,7
5466,5,5,5,5
5467,1,1,1,1
5468,5,5,5,5
5469,1,2,1,1
5470,1,1,1,1
5471,8,8,8,8
5472,5,5,5,5
5473,7,7,7,7
5474,4,4,4,4
5475,8,8,8,8
5476,8,8,8,8
5477,5,5,5,5
5478,1,1,1,1
5479,1,1,1,1
5480,5,5,5,5
5481,5,5,7,7
5482,1,2,2,1
5483,7,7,7,7
5484,7,7,7,7
5485,5,5,5,5
5486,2,1,2,2
5487,1,2,2,1
5488,5,3,3,3
5489,1,1,1,2
5490,1,1,1,2
5491,1,1,1,2
5492,5,5,8,5
5493,1,1,1,1
5494,1,1,1,1
5495,5,5,5,5
5496,7,7,7,7
5497,5,5,5,5
5498,5,5,5,5
5499,7,7,7,7
5500,1,1,1,1
5501,6,6,6,6
5502,8,8,8,8
5503,8,8,8,8
5504,1,1,1,2
5505,1,1,1,1
5506,1,1,1,1
5507,5,5,5,5
5508,7,7,7,7
5509,1,1,1,1
5510,8,8,8,0
5511,6,6,6,6
5512,5,6,6,6
5513,7,7,7,7
5514,1,1,1,1
5515,5,5,5,5
5516,1,1,1,1
5517,0,0,0,0
5518,1,1,1,1
5519,3,3,3,3
5520,1,1,1,1
5521,1,1,1,1
5522,7,7,7,7
5523,5,5,5,5
5524,3,3,3,3
5525,7,7,7,7
5526,2,3,3,3
5527,4,4,4,4
5528,8,8,8,8
5529,6,2,6,2
5530,7,7,7,7
5531,1,1,3,1
5532,4,2,1,4
5533,1,1,1,1
5534,1,1,2,1
5535,6,2,3,3
5536,1,2,2,2
5537,2,2,2,1
5538,7,7,7,7
5539,1,1,1,1
5540,7,7,7,7
5541,1,1,1,1
5542,1,1,1,1
5543,1,1,1,1
5544,7,7,7,7
5545,5,5,5,5
5546,8,8,8,8
5547,1,1,1,1
5548,5,5,5,5
5549,1,1,1,1
5550,1,1,3,1
5551,2,1,2,2
5552,1,1,1,1
5553,8,8,8,8
5554,1,6,6,6
5555,4,4,4,4
5556,7,7,7,7
5557,2,1,2,2
5558,7,7,7,7
5559,2,2,2,2
5560,7,1,6,6
5561,2,2,2,2
5562,5,5,5,5
5563,6,2,6,6
5564,1,1,1,3
5565,1,5,5,5
5566,5,5,5,5
5567,7,7,7,7
5568,5,5,5,5
5569,5,5,5,5
5570,7,7,7,7
5571,7,7,7,7
5572,5,5,6,5
5573,5,5,5,5
5574,1,8,8,1
5575,2,2,2,2
5576,5,5,5,5
5577,5,6,6,6
5578,1,1,1,1
5579,1,1,2,2
5580,5,5,5,5
5581,5,5,5,7
5582,4,4,4,4
5583,1,1,1,1
5584,5,5,5,5
5585,1,1,0,1
5586,5,5,5,5
5587,1,1,1,1
5588,7,7,7,7
5589,1,1,1,1
5590,1,1,1,2
5591,1,1,1,1
5592,5,5,5,5
5593,5,5,5,7
5594,1,1,1,1
5595,1,1,2,2
5596,7,7,7,7
5597,1,1,1,1
5598,1,1,1,1
5599,1,1,1,1
5600,1,1,1,1
5601,2,3,3,3
5602,1,1,1,1
5603,7,5,0,7
5604,7,7,7,7
5605,5,5,5,5
5606,1,1,8,1
5607,5,5,5,5
5608,7,7,7,7
5609,5,2,5,5
5610,7,7,7,7
5611,5,5,5,5
5612,3,1,3,3
5613,1,2,2,2
5614,5,5,5,5
5615,7,7,7,7
5616,7,7,7,7
5617,1,1,1,1
5618,1,1,1,1
5619,2,2,1,2
5620,1,1,1,1
5621,5,5,5,5
5622,7,7,7,7
5623,1,1,1,1
5624,1,1,1,1
5625,2,2,2,2
5626,1,1,1,1
5627,6,6,2,6
5628,5,5,5,5
5629,1,3,3,3
5630,8,8,8,0
5631,1,1,1,1
5632,1,1,1,1
5633,8,8,8,8
5634,5,5,5,5
5635,2,2,2,2
5636,1,1,1,1
5637,5,5,5,5
5638,5,5,5,5
5639,5,5,5,5
5640,8,8,8,8
5641,1,1,1,1
5642,8,8,8,5
5643,5,5,5,5
5644,2,2,2,2
5645,4,4,4,4
5646,1,1,1,1
5647,5,5,5,5
5648,5,0,5,5
5649,3,3,3,3
5650,4,4,4,4
5651,7,7,7,7
5652,2,1,2,1
5653,5,5,5,5
5654,6,6,6,6
5655,1,1,1,2
5656,1,3,2,2
5657,7,7,7,7
5658,1,1,1,1
5659,6,6,6,6
5660,7,7,7,7
5661,7,7,7,7
5662,8,8,8,8
5663,4,4,4,4
5664,2,1,2,2
5665,5,5,5,5
5666,7,7,7,7
5667,1,1,1,1
5668,5,5,5,5
5669,1,2,2,2
5670,7,7,8,0
5671,1,1,1,1
5672,1,1,1,1
5673,1,2,1,2
5674,1,1,1,1
5675,1,1,1,1
5676,1,1,1,2
5677,5,5,5,5
5678,7,7,7,7
5679,7,7,7,7
5680,1,1,2,2
5681,1,1,1,1
5682,1,1,1,1
5683,1,1,1,1
5684,1,1,1,1
5685,2,2,2,2
5686,1,1,1,1
5687,2,1,1,1
5688,7,7,7,7
5689,1,1,1,1
5690,5,5,5,5
5691,1,8,7,7
5692,1,1,1,1
5693,8,8,8,8
5694,1,1,2,2
5695,1,1,1,1
5696,5,5,5,5
5697,1,1,1,1
5698,1,1,1,2
5699,1,3,3,3
5700,5,5,5,5
5701,1,1,1,1
5702,5,5,5,5
5703,1,1,1,1
5704,1,1,1,1
5705,1,1,1,1
5706,5,5,5,5
5707,1,1,1,1
5708,5,5,5,5
5709,1,1,1,1
5710,2,2,2,3
5711,7,7,7,7
5712,7,7,7,7
5713,7,7,7,7
5714,5,5,5,5
5715,8,7,7,8
5716,8,8,8,8
5717,7,7,7,7
5718,1,1,1,1
5719,1,1,1,1
5720,5,5,5,5
5721,1,1,1,1
5722,1,2,2,2
5723,1,1,2,2
5724,8,8,8,8
5725,1,1,1,1
5726,7,7,7,7
5727,7,7,7,7
5728,1,8,8,8
5729,1,1,1,1
5730,7,0,0,0
5731,5,5,5,5
5732,8,8,8,8
5733,1,2,2,2
5734,8,8,8,8
5735,5,5,5,5
5736,1,2,2,1
5737,1,1,2,1
5738,5,5,5,5
5739,1,1,1,1
5740,7,0,7,0
5741,1,1,1,1
5742,1,2,2,2
5743,5,5,5,5
5744,5,5,5,5
5745,7,7,7,7
5746,4,4,4,4
5747,1,1,2,2
5748,8,8,8,8
5749,1,1,1,1
5750,1,1,1,1
5751,7,7,7,7
5752,1,1,1,1
5753,4,4,4,4
5754,5,5,5,5
5755,1,2,2,1
5756,1,2,1,2
5757,5,5,5,5
5758,1,1,2,2
5759,7,7,7,7
5760,1,1,1,1
5761,5,5,5,5
5762,7,7,7,7
5763,5,5,5,5
5764,7,7,7,7
5765,5,5,5,5
5766,4,4,4,4
5767,1,1,1,1
5768,1,1,1,1
5769,5,5,5,5
5770,3,3,3,3
5771,5,5,5,5
5772,1,1,1,1
5773,7,7,7,7
5774,1,1,1,1
5775,1,1,1,1
5776,0,0,0,0
5777,5,5,5,5
5778,1,1,1,1
5779,7,7,7,7
5780,4,4,4,4
5781,1,1,3,3
5782,5,5,5,5
5783,2,2,2,2
5784,1,2,2,2
5785,1,1,1,1
5786,8,8,8,8
5787,1,1,1,1
5788,1,2,1,2
5789,7,7,7,7
5790,5,5,5,5
5791,4,4,4,4
5792,8,8,8,8
5793,7,7,7,7
5794,2,2,2,2
5795,1,1,1,1
5796,1,1,1,1
5797,1,1,1,1
5798,1,2,1,1
5799,1,1,1,1
5800,2,1,1,2
5801,1,1,1,1
5802,1,1,1,1
5803,1,1,1,3
5804,5,5,5,5
5805,1,1,1,1
5806,4,4,4,4
5807,1,1,1,1
5808,1,1,1,1
5809,8,8,8,8
5810,1,1,1,1
5811,1,1,1,1
5812,5,5,5,5
5813,8,8,8,7
5814,8,7,7,7
5815,7,7,7,7
5816,1,1,1,1
5817,1,2,2,1
5818,5,6,6,6
5819,1,1,1,1
5820,1,1,2,1
5821,1,2,2,1
5822,5,5,5,5
5823,8,0,0,8
5824,1,1,1,1
5825,5,5,5,5
5826,5,5,5,5
5827,7,7,7,7
5828,7,7,7,7
5829,5,5,5,5
5830,5,5,5,5
5831,1,1,1,1
5832,5,5,5,5
5833,1,1,2,2
5834,1,1,1,1
5835,5,5,5,5
5836,2,2,2,1
5837,1,1,1,1
5838,1,1,1,1
5839,8,8,8,8
5840,1,8,0,0
5841,2,1,2,1
5842,1,1,1,1
5843,1,1,1,1
5844,1,1,1,2
5845,1,1,1,1
5846,1,1,1,1
5847,5,5,7,7
5848,1,1,1,1
5849,5,1,3,5
5850,7,0,0,7
5851,5,5,5,5
5852,5,5,5,5
5853,1,1,1,1
5854,5,5,5,5
5855,1,1,2,2
5856,7,7,7,7
5857,1,1,1,1
5858,8,5,5,8
5859,7,7,7,0
5860,1,1,1,1
5861,5,5,5,5
5862,1,2,2,1
5863,5,5,5,5
5864,1,1,1,1
5865,7,7,7,7
5866,1,1,1,1
5867,8,8,8,8
5868,8,8,8,8
5869,1,1,1,2
5870,8,8,8,8
5871,7,7,7,7
5872,5,5,5,5
5873,7,7,7,7
5874,6,7,6,6
5875,1,1,1,1
5876,3,3,3,3
5877,1,1,1,1
5878,1,1,1,1
5879,6,6,6,6
5880,5,5,5,5
5881,7,6,6,7
5882,7,7,0,0
5883,1,4,2,2
5884,1,1,1,1
5885,2,1,2,2
5886,1,3,3,3
5887,1,2,6,6
5888,7,7,7,7
5889,7,7,7,7
5890,1,1,1,1
5891,5,5,5,5
5892,1,3,3,1
5893,7,7,7,7
5894,5,5,5,5
5895,5,0,8,5
5896,1,2,2,2
5897,4,4,4,4
5898,7,1,7,1
5899,1,1,1,1
5900,1,1,1,1
5901,1,1,1,1
5902,5,5,5,5
5903,5,5,5,5
5904,7,8,7,7
5905,1,1,1,1
5906,1,1,1,1
5907,3,2,1,2
5908,1,2,2,2
5909,1,1,6,1
5910,5,5,5,5
5911,8,8,8,8
5912,5,5,5,5
5913,1,1,1,1
5914,8,8,8,0
5915,7,7,7,7
5916,1,1,1,1
5917,5,5,5,5
5918,1,1,2,2
5919,1,2,2,1
5920,0,5,5,5
5921,1,1,3,1
5922,2,2,2,2
5923,1,1,1,1
5924,8,8,8,8
5925,1,2,2,2
5926,1,1,1,1
5927,1,1,1,1
5928,8,8,8,8
5929,5,5,5,5
5930,1,1,2,6
5931,5,5,5,5
5932,1,1,3,3
5933,1,1,1,1
5934,1,1,1,1
5935,1,1,1,1
5936,1,1,1,1
5937,5,5,5,5
5938,5,5,5,5
5939,7,7,7,7
5940,7,7,7,7
5941,5,5,5,5
5942,1,1,1,2
5943,1,4,4,1
5944,1,1,1,1
5945,1,1,1,1
5946,1,5,5,6
5947,7,7,7,7
5948,3,3,3,3
5949,4,4,4,4
5950,7,7,7,7
5951,5,5,5,5
5952,1,2,2,1
5953,2,1,1,1
5954,5,5,5,5
5955,1,1,3,1
5956,7,7,7,7
5957,1,1,1,1
5958,5,5,5,5
5959,5,7,7,7
5960,0,0,0,0
5961,1,1,1,1
5962,1,1,1,1
5963,5,5,5,5
5964,2,2,2,2
5965,3,3,3,3
5966,8,8,8,8
5967,1,1,2,2
5968,7,7,7,7
5969,4,4,4,4
5970,7,7,7,7
5971,1,1,2,1
5972,2,2,2,2
5973,5,5,5,5
5974,5,5,5,5
5975,0,0,0,0
5976,1,1,1,1
5977,1,2,2,1
5978,5,5,5,5
5979,8,8,8,8
5980,8,8,8,8
5981,1,1,1,1
5982,1,1,1,1
5983,8,8,8,8
5984,2,2,2,2
5985,0,0,0,0
5986,1,2,2,2
5987,8,5,5,8
5988,1,7,7,7
5989,7,7,7,7
5990,1,2,2,2
5991,1,1,1,1
5992,8,8,8,8
5993,5,5,5,5
5994,1,1,2,3
5995,7,7,7,7
5996,6,6,6,6
5997,1,1,1,1
5998,5,5,3,3
5999,1,1,1,1
6000,1,3,3,3
6001,5,5,5,5
6002,0,0,0,0
6003,7,7,7,7
6004,1,2,2,6
6005,7,7,7,7
6006,5,5,5,5
6007,1,1,1,1
6008,5,5,5,5
6009,8,8,8,8
6010,5,5,5,5
6011,1,1,1,1
6012,1,1,1,1
6013,1,1,1,1
6014,2,1,1,2
6015,4,4,4,4
6016,1,1,1,1
6017,8,8,8,8
6018,1,1,1,1
6019,7,7,7,7
6020,1,1,1,1
6021,1,1,1,1
6022,8,8,8,8
6023,5,5,5,5
6024,5,5,5,5
6025,1,2,2,2
6026,5,5,5,5
6027,6,6,6,6
6028,1,1,1,1
6029,1,1,1,1
6030,5,5,5,5
6031,1,1,1,1
6032,5,5,5,5
6033,8,8,8,8
6034,5,5,5,5
6035,7,7,7,7
6036,1,1,1,1
6037,8,8,8,8
6038,5,5,5,5
6039,1,1,1,1
6040,1,1,1,1
6041,1,1,1,1
6042,6,6,6,6
6043,5,5,5,5
6044,8,8,8,8
6045,7,7,7,7
6046,1,1,1,1
6047,8,8,8,8
6048,1,1,1,1
6049,1,1,3,1
6050,2,3,2,2
6051,1,1,1,1
6052,1,1,1,1
6053,1,1,1,1
6054,1,2,1,2
6055,5,5,5,5
6056,1,1,1,1
6057,7,7,7,7
6058,1,1,1,1
6059,5,5,5,5
6060,1,6,6,6
6061,1,1,1,1
6062,8,8,8,8
6063,8,8,8,8
6064,8,8,8,8
6065,5,5,5,5
6066,6,6,6,6
6067,8,8,0,8
6068,1,1,1,1
6069,5,5,5,5
6070,5,5,5,5
6071,1,1,1,1
6072,1,1,1,2
6073,1,1,1,1
6074,5,5,5,5
6075,2,1,6,6
6076,1,1,1,1
6077,4,4,4,4
6078,1,1,1,1
6079,5,5,5,5
6080,1,1,1,1
6081,5,5,5,5
6082,1,1,1,1
6083,5,5,5,5
6084,1,1,1,1
6085,1,1,1,1
6086,8,8,8,8
6087,8,8,8,8
6088,1,1,1,1
6089,8,8,8,8
6090,4,4,4,4
6091,1,1,1,1
6092,7,7,7,7
6093,7,7,7,7
6094,7,7,7,7
6095,5,5,5,5
6096,5,0,5,5
6097,1,3,3,3
6098,1,1,2,2
6099,4,4,4,4
6100,8,1,8,8
6101,7,7,7,7
6102,7,7,7,7
6103,7,7,7,7
6104,1,1,3,2
6105,5,5,5,5
6106,7,6,7,5
6107,7,7,0,6
6108,1,1,2,1
6109,1,1,1,1
6110,1,1,1,1
6111,5,5,5,5
6112,1,1,1,1
6113,1,1,2,2
6114,7,7,7,7
6115,1,1,1,1
6116,8,8,8,8
6117,5,5,5,5
6118,5,5,5,5
6119,7,7,7,7
6120,8,8,8,8
6121,1,1,1,1
6122,2,2,2,2
6123,8,8,8,8
6124,5,5,5,5
6125,8,0,0,0
6126,5,5,5,5
6127,1,2,2,1
6128,1,2,2,1
6129,1,2,1,1
6130,5,5,5,3
6131,8,8,8,8
6132,1,2,2,2
6133,5,5,5,5
6134,7,8,8,7
6135,1,1,1,1
6136,5,5,5,5
6137,5,5,5,5
6138,2,2,1,1
6139,1,1,1,1
6140,1,1,1,1
6141,5,5,5,5
6142,1,1,3,1
6143,1,1,1,1
6144,3,3,3,3
6145,7,7,7,7
6146,5,5,5,5
6147,7,7,7,7
6148,8,8,8,8
6149,5,5,5,5
6150,1,1,1,1
6151,8,8,8,8
6152,1,1,1,1
6153,1,1,1,3
6154,6,6,6,6
6155,1,1,1,1
6156,4,4,4,4
6157,0,0,0,0
6158,7,7,7,7
6159,5,5,5,5
6160,4,4,4,4
6161,1,2,2,1
6162,1,1,1,1
6163,5,5,5,5
6164,1,1,3,3
6165,6,6,6,6
6166,2,2,2,2
6167,1,2,2,2
6168,5,5,5,5
6169,4,4,4,4
6170,2,1,2,1
6171,8,8,8,8
6172,3,5,3,3
6173,5,5,5,5
6174,8,8,8,8
6175,8,8,8,8
6176,1,1,1,1
6177,7,7,7,7
6178,1,1,2,1
6179,1,1,1,1
6180,5,5,5,5
6181,4,4,4,4
6182,7,7,7,7
6183,1,2,1,2
6184,4,4,4,4
6185,1,1,1,1
6186,7,7,7,7
6187,1,3,3,3
